--
-- PostgreSQL database dump
--

-- Dumped from database version 12.2 (Debian 12.2-2.pgdg100+1)
-- Dumped by pg_dump version 12.2 (Debian 12.2-2.pgdg100+1)

SET statement_timeout = 0;
SET lock_timeout = 0;
SET idle_in_transaction_session_timeout = 0;
SET client_encoding = 'UTF8';
SET standard_conforming_strings = on;
SELECT pg_catalog.set_config('search_path', '', false);
SET check_function_bodies = false;
SET xmloption = content;
SET client_min_messages = warning;
SET row_security = off;

--
-- Name: tiger; Type: SCHEMA; Schema: -; Owner: postgres
--

CREATE SCHEMA tiger;


ALTER SCHEMA tiger OWNER TO postgres;

--
-- Name: tiger_data; Type: SCHEMA; Schema: -; Owner: postgres
--

CREATE SCHEMA tiger_data;


ALTER SCHEMA tiger_data OWNER TO postgres;

--
-- Name: topology; Type: SCHEMA; Schema: -; Owner: postgres
--

CREATE SCHEMA topology;


ALTER SCHEMA topology OWNER TO postgres;

--
-- Name: SCHEMA topology; Type: COMMENT; Schema: -; Owner: postgres
--

COMMENT ON SCHEMA topology IS 'PostGIS Topology schema';


--
-- Name: fuzzystrmatch; Type: EXTENSION; Schema: -; Owner: -
--

CREATE EXTENSION IF NOT EXISTS fuzzystrmatch WITH SCHEMA public;


--
-- Name: EXTENSION fuzzystrmatch; Type: COMMENT; Schema: -; Owner: 
--

COMMENT ON EXTENSION fuzzystrmatch IS 'determine similarities and distance between strings';


--
-- Name: postgis; Type: EXTENSION; Schema: -; Owner: -
--

CREATE EXTENSION IF NOT EXISTS postgis WITH SCHEMA public;


--
-- Name: EXTENSION postgis; Type: COMMENT; Schema: -; Owner: 
--

COMMENT ON EXTENSION postgis IS 'PostGIS geometry, geography, and raster spatial types and functions';


--
-- Name: postgis_tiger_geocoder; Type: EXTENSION; Schema: -; Owner: -
--

CREATE EXTENSION IF NOT EXISTS postgis_tiger_geocoder WITH SCHEMA tiger;


--
-- Name: EXTENSION postgis_tiger_geocoder; Type: COMMENT; Schema: -; Owner: 
--

COMMENT ON EXTENSION postgis_tiger_geocoder IS 'PostGIS tiger geocoder and reverse geocoder';


--
-- Name: postgis_topology; Type: EXTENSION; Schema: -; Owner: -
--

CREATE EXTENSION IF NOT EXISTS postgis_topology WITH SCHEMA topology;


--
-- Name: EXTENSION postgis_topology; Type: COMMENT; Schema: -; Owner: 
--

COMMENT ON EXTENSION postgis_topology IS 'PostGIS topology spatial types and functions';


SET default_tablespace = '';

SET default_table_access_method = heap;

--
-- Name: auth_group; Type: TABLE; Schema: public; Owner: postgres
--

CREATE TABLE public.auth_group (
    id integer NOT NULL,
    name character varying(150) NOT NULL
);


ALTER TABLE public.auth_group OWNER TO postgres;

--
-- Name: auth_group_id_seq; Type: SEQUENCE; Schema: public; Owner: postgres
--

CREATE SEQUENCE public.auth_group_id_seq
    AS integer
    START WITH 1
    INCREMENT BY 1
    NO MINVALUE
    NO MAXVALUE
    CACHE 1;


ALTER TABLE public.auth_group_id_seq OWNER TO postgres;

--
-- Name: auth_group_id_seq; Type: SEQUENCE OWNED BY; Schema: public; Owner: postgres
--

ALTER SEQUENCE public.auth_group_id_seq OWNED BY public.auth_group.id;


--
-- Name: auth_group_permissions; Type: TABLE; Schema: public; Owner: postgres
--

CREATE TABLE public.auth_group_permissions (
    id integer NOT NULL,
    group_id integer NOT NULL,
    permission_id integer NOT NULL
);


ALTER TABLE public.auth_group_permissions OWNER TO postgres;

--
-- Name: auth_group_permissions_id_seq; Type: SEQUENCE; Schema: public; Owner: postgres
--

CREATE SEQUENCE public.auth_group_permissions_id_seq
    AS integer
    START WITH 1
    INCREMENT BY 1
    NO MINVALUE
    NO MAXVALUE
    CACHE 1;


ALTER TABLE public.auth_group_permissions_id_seq OWNER TO postgres;

--
-- Name: auth_group_permissions_id_seq; Type: SEQUENCE OWNED BY; Schema: public; Owner: postgres
--

ALTER SEQUENCE public.auth_group_permissions_id_seq OWNED BY public.auth_group_permissions.id;


--
-- Name: auth_permission; Type: TABLE; Schema: public; Owner: postgres
--

CREATE TABLE public.auth_permission (
    id integer NOT NULL,
    name character varying(255) NOT NULL,
    content_type_id integer NOT NULL,
    codename character varying(100) NOT NULL
);


ALTER TABLE public.auth_permission OWNER TO postgres;

--
-- Name: auth_permission_id_seq; Type: SEQUENCE; Schema: public; Owner: postgres
--

CREATE SEQUENCE public.auth_permission_id_seq
    AS integer
    START WITH 1
    INCREMENT BY 1
    NO MINVALUE
    NO MAXVALUE
    CACHE 1;


ALTER TABLE public.auth_permission_id_seq OWNER TO postgres;

--
-- Name: auth_permission_id_seq; Type: SEQUENCE OWNED BY; Schema: public; Owner: postgres
--

ALTER SEQUENCE public.auth_permission_id_seq OWNED BY public.auth_permission.id;


--
-- Name: auth_user; Type: TABLE; Schema: public; Owner: postgres
--

CREATE TABLE public.auth_user (
    id integer NOT NULL,
    password character varying(128) NOT NULL,
    last_login timestamp with time zone,
    is_superuser boolean NOT NULL,
    username character varying(150) NOT NULL,
    first_name character varying(30) NOT NULL,
    last_name character varying(150) NOT NULL,
    email character varying(254) NOT NULL,
    is_staff boolean NOT NULL,
    is_active boolean NOT NULL,
    date_joined timestamp with time zone NOT NULL
);


ALTER TABLE public.auth_user OWNER TO postgres;

--
-- Name: auth_user_groups; Type: TABLE; Schema: public; Owner: postgres
--

CREATE TABLE public.auth_user_groups (
    id integer NOT NULL,
    user_id integer NOT NULL,
    group_id integer NOT NULL
);


ALTER TABLE public.auth_user_groups OWNER TO postgres;

--
-- Name: auth_user_groups_id_seq; Type: SEQUENCE; Schema: public; Owner: postgres
--

CREATE SEQUENCE public.auth_user_groups_id_seq
    AS integer
    START WITH 1
    INCREMENT BY 1
    NO MINVALUE
    NO MAXVALUE
    CACHE 1;


ALTER TABLE public.auth_user_groups_id_seq OWNER TO postgres;

--
-- Name: auth_user_groups_id_seq; Type: SEQUENCE OWNED BY; Schema: public; Owner: postgres
--

ALTER SEQUENCE public.auth_user_groups_id_seq OWNED BY public.auth_user_groups.id;


--
-- Name: auth_user_id_seq; Type: SEQUENCE; Schema: public; Owner: postgres
--

CREATE SEQUENCE public.auth_user_id_seq
    AS integer
    START WITH 1
    INCREMENT BY 1
    NO MINVALUE
    NO MAXVALUE
    CACHE 1;


ALTER TABLE public.auth_user_id_seq OWNER TO postgres;

--
-- Name: auth_user_id_seq; Type: SEQUENCE OWNED BY; Schema: public; Owner: postgres
--

ALTER SEQUENCE public.auth_user_id_seq OWNED BY public.auth_user.id;


--
-- Name: auth_user_user_permissions; Type: TABLE; Schema: public; Owner: postgres
--

CREATE TABLE public.auth_user_user_permissions (
    id integer NOT NULL,
    user_id integer NOT NULL,
    permission_id integer NOT NULL
);


ALTER TABLE public.auth_user_user_permissions OWNER TO postgres;

--
-- Name: auth_user_user_permissions_id_seq; Type: SEQUENCE; Schema: public; Owner: postgres
--

CREATE SEQUENCE public.auth_user_user_permissions_id_seq
    AS integer
    START WITH 1
    INCREMENT BY 1
    NO MINVALUE
    NO MAXVALUE
    CACHE 1;


ALTER TABLE public.auth_user_user_permissions_id_seq OWNER TO postgres;

--
-- Name: auth_user_user_permissions_id_seq; Type: SEQUENCE OWNED BY; Schema: public; Owner: postgres
--

ALTER SEQUENCE public.auth_user_user_permissions_id_seq OWNED BY public.auth_user_user_permissions.id;


--
-- Name: django_admin_log; Type: TABLE; Schema: public; Owner: postgres
--

CREATE TABLE public.django_admin_log (
    id integer NOT NULL,
    action_time timestamp with time zone NOT NULL,
    object_id text,
    object_repr character varying(200) NOT NULL,
    action_flag smallint NOT NULL,
    change_message text NOT NULL,
    content_type_id integer,
    user_id integer NOT NULL,
    CONSTRAINT django_admin_log_action_flag_check CHECK ((action_flag >= 0))
);


ALTER TABLE public.django_admin_log OWNER TO postgres;

--
-- Name: django_admin_log_id_seq; Type: SEQUENCE; Schema: public; Owner: postgres
--

CREATE SEQUENCE public.django_admin_log_id_seq
    AS integer
    START WITH 1
    INCREMENT BY 1
    NO MINVALUE
    NO MAXVALUE
    CACHE 1;


ALTER TABLE public.django_admin_log_id_seq OWNER TO postgres;

--
-- Name: django_admin_log_id_seq; Type: SEQUENCE OWNED BY; Schema: public; Owner: postgres
--

ALTER SEQUENCE public.django_admin_log_id_seq OWNED BY public.django_admin_log.id;


--
-- Name: django_content_type; Type: TABLE; Schema: public; Owner: postgres
--

CREATE TABLE public.django_content_type (
    id integer NOT NULL,
    app_label character varying(100) NOT NULL,
    model character varying(100) NOT NULL
);


ALTER TABLE public.django_content_type OWNER TO postgres;

--
-- Name: django_content_type_id_seq; Type: SEQUENCE; Schema: public; Owner: postgres
--

CREATE SEQUENCE public.django_content_type_id_seq
    AS integer
    START WITH 1
    INCREMENT BY 1
    NO MINVALUE
    NO MAXVALUE
    CACHE 1;


ALTER TABLE public.django_content_type_id_seq OWNER TO postgres;

--
-- Name: django_content_type_id_seq; Type: SEQUENCE OWNED BY; Schema: public; Owner: postgres
--

ALTER SEQUENCE public.django_content_type_id_seq OWNED BY public.django_content_type.id;


--
-- Name: django_migrations; Type: TABLE; Schema: public; Owner: postgres
--

CREATE TABLE public.django_migrations (
    id integer NOT NULL,
    app character varying(255) NOT NULL,
    name character varying(255) NOT NULL,
    applied timestamp with time zone NOT NULL
);


ALTER TABLE public.django_migrations OWNER TO postgres;

--
-- Name: django_migrations_id_seq; Type: SEQUENCE; Schema: public; Owner: postgres
--

CREATE SEQUENCE public.django_migrations_id_seq
    AS integer
    START WITH 1
    INCREMENT BY 1
    NO MINVALUE
    NO MAXVALUE
    CACHE 1;


ALTER TABLE public.django_migrations_id_seq OWNER TO postgres;

--
-- Name: django_migrations_id_seq; Type: SEQUENCE OWNED BY; Schema: public; Owner: postgres
--

ALTER SEQUENCE public.django_migrations_id_seq OWNED BY public.django_migrations.id;


--
-- Name: django_session; Type: TABLE; Schema: public; Owner: postgres
--

CREATE TABLE public.django_session (
    session_key character varying(40) NOT NULL,
    session_data text NOT NULL,
    expire_date timestamp with time zone NOT NULL
);


ALTER TABLE public.django_session OWNER TO postgres;

--
-- Name: partner_partner; Type: TABLE; Schema: public; Owner: postgres
--

CREATE TABLE public.partner_partner (
    id integer NOT NULL,
    "tradingName" character varying(150) NOT NULL,
    "ownerName" character varying(100) NOT NULL,
    "coverageArea" public.geometry(MultiPolygon,4326) NOT NULL,
    address public.geometry(Point,4326) NOT NULL,
    document character varying(18) NOT NULL
);


ALTER TABLE public.partner_partner OWNER TO postgres;

--
-- Name: partner_partner_id_seq; Type: SEQUENCE; Schema: public; Owner: postgres
--

CREATE SEQUENCE public.partner_partner_id_seq
    AS integer
    START WITH 1
    INCREMENT BY 1
    NO MINVALUE
    NO MAXVALUE
    CACHE 1;


ALTER TABLE public.partner_partner_id_seq OWNER TO postgres;

--
-- Name: partner_partner_id_seq; Type: SEQUENCE OWNED BY; Schema: public; Owner: postgres
--

ALTER SEQUENCE public.partner_partner_id_seq OWNED BY public.partner_partner.id;


--
-- Name: auth_group id; Type: DEFAULT; Schema: public; Owner: postgres
--

ALTER TABLE ONLY public.auth_group ALTER COLUMN id SET DEFAULT nextval('public.auth_group_id_seq'::regclass);


--
-- Name: auth_group_permissions id; Type: DEFAULT; Schema: public; Owner: postgres
--

ALTER TABLE ONLY public.auth_group_permissions ALTER COLUMN id SET DEFAULT nextval('public.auth_group_permissions_id_seq'::regclass);


--
-- Name: auth_permission id; Type: DEFAULT; Schema: public; Owner: postgres
--

ALTER TABLE ONLY public.auth_permission ALTER COLUMN id SET DEFAULT nextval('public.auth_permission_id_seq'::regclass);


--
-- Name: auth_user id; Type: DEFAULT; Schema: public; Owner: postgres
--

ALTER TABLE ONLY public.auth_user ALTER COLUMN id SET DEFAULT nextval('public.auth_user_id_seq'::regclass);


--
-- Name: auth_user_groups id; Type: DEFAULT; Schema: public; Owner: postgres
--

ALTER TABLE ONLY public.auth_user_groups ALTER COLUMN id SET DEFAULT nextval('public.auth_user_groups_id_seq'::regclass);


--
-- Name: auth_user_user_permissions id; Type: DEFAULT; Schema: public; Owner: postgres
--

ALTER TABLE ONLY public.auth_user_user_permissions ALTER COLUMN id SET DEFAULT nextval('public.auth_user_user_permissions_id_seq'::regclass);


--
-- Name: django_admin_log id; Type: DEFAULT; Schema: public; Owner: postgres
--

ALTER TABLE ONLY public.django_admin_log ALTER COLUMN id SET DEFAULT nextval('public.django_admin_log_id_seq'::regclass);


--
-- Name: django_content_type id; Type: DEFAULT; Schema: public; Owner: postgres
--

ALTER TABLE ONLY public.django_content_type ALTER COLUMN id SET DEFAULT nextval('public.django_content_type_id_seq'::regclass);


--
-- Name: django_migrations id; Type: DEFAULT; Schema: public; Owner: postgres
--

ALTER TABLE ONLY public.django_migrations ALTER COLUMN id SET DEFAULT nextval('public.django_migrations_id_seq'::regclass);


--
-- Name: partner_partner id; Type: DEFAULT; Schema: public; Owner: postgres
--

ALTER TABLE ONLY public.partner_partner ALTER COLUMN id SET DEFAULT nextval('public.partner_partner_id_seq'::regclass);


--
-- Data for Name: auth_group; Type: TABLE DATA; Schema: public; Owner: postgres
--

COPY public.auth_group (id, name) FROM stdin;
\.


--
-- Data for Name: auth_group_permissions; Type: TABLE DATA; Schema: public; Owner: postgres
--

COPY public.auth_group_permissions (id, group_id, permission_id) FROM stdin;
\.


--
-- Data for Name: auth_permission; Type: TABLE DATA; Schema: public; Owner: postgres
--

COPY public.auth_permission (id, name, content_type_id, codename) FROM stdin;
1	Can add log entry	1	add_logentry
2	Can change log entry	1	change_logentry
3	Can delete log entry	1	delete_logentry
4	Can view log entry	1	view_logentry
5	Can add permission	2	add_permission
6	Can change permission	2	change_permission
7	Can delete permission	2	delete_permission
8	Can view permission	2	view_permission
9	Can add group	3	add_group
10	Can change group	3	change_group
11	Can delete group	3	delete_group
12	Can view group	3	view_group
13	Can add user	4	add_user
14	Can change user	4	change_user
15	Can delete user	4	delete_user
16	Can view user	4	view_user
17	Can add content type	5	add_contenttype
18	Can change content type	5	change_contenttype
19	Can delete content type	5	delete_contenttype
20	Can view content type	5	view_contenttype
21	Can add session	6	add_session
22	Can change session	6	change_session
23	Can delete session	6	delete_session
24	Can view session	6	view_session
25	Can add partner	7	add_partner
26	Can change partner	7	change_partner
27	Can delete partner	7	delete_partner
28	Can view partner	7	view_partner
\.


--
-- Data for Name: auth_user; Type: TABLE DATA; Schema: public; Owner: postgres
--

COPY public.auth_user (id, password, last_login, is_superuser, username, first_name, last_name, email, is_staff, is_active, date_joined) FROM stdin;
\.


--
-- Data for Name: auth_user_groups; Type: TABLE DATA; Schema: public; Owner: postgres
--

COPY public.auth_user_groups (id, user_id, group_id) FROM stdin;
\.


--
-- Data for Name: auth_user_user_permissions; Type: TABLE DATA; Schema: public; Owner: postgres
--

COPY public.auth_user_user_permissions (id, user_id, permission_id) FROM stdin;
\.


--
-- Data for Name: django_admin_log; Type: TABLE DATA; Schema: public; Owner: postgres
--

COPY public.django_admin_log (id, action_time, object_id, object_repr, action_flag, change_message, content_type_id, user_id) FROM stdin;
\.


--
-- Data for Name: django_content_type; Type: TABLE DATA; Schema: public; Owner: postgres
--

COPY public.django_content_type (id, app_label, model) FROM stdin;
1	admin	logentry
2	auth	permission
3	auth	group
4	auth	user
5	contenttypes	contenttype
6	sessions	session
7	partner	partner
\.


--
-- Data for Name: django_migrations; Type: TABLE DATA; Schema: public; Owner: postgres
--

COPY public.django_migrations (id, app, name, applied) FROM stdin;
1	contenttypes	0001_initial	2020-05-07 21:17:50.432275+00
2	auth	0001_initial	2020-05-07 21:17:50.489319+00
3	admin	0001_initial	2020-05-07 21:17:50.559429+00
4	admin	0002_logentry_remove_auto_add	2020-05-07 21:17:50.584052+00
5	admin	0003_logentry_add_action_flag_choices	2020-05-07 21:17:50.600728+00
6	contenttypes	0002_remove_content_type_name	2020-05-07 21:17:50.627458+00
7	auth	0002_alter_permission_name_max_length	2020-05-07 21:17:50.641085+00
8	auth	0003_alter_user_email_max_length	2020-05-07 21:17:50.656032+00
9	auth	0004_alter_user_username_opts	2020-05-07 21:17:50.668297+00
10	auth	0005_alter_user_last_login_null	2020-05-07 21:17:50.693247+00
11	auth	0006_require_contenttypes_0002	2020-05-07 21:17:50.698715+00
12	auth	0007_alter_validators_add_error_messages	2020-05-07 21:17:50.714524+00
13	auth	0008_alter_user_username_max_length	2020-05-07 21:17:50.73762+00
14	auth	0009_alter_user_last_name_max_length	2020-05-07 21:17:50.755449+00
15	auth	0010_alter_group_name_max_length	2020-05-07 21:17:50.773729+00
16	auth	0011_update_proxy_permissions	2020-05-07 21:17:50.79047+00
17	partner	0001_initial	2020-05-07 21:17:50.833506+00
18	partner	0002_remove_partner_document	2020-05-07 21:17:50.847942+00
19	partner	0003_partner_document	2020-05-07 21:17:50.860519+00
20	partner	0004_auto_20200506_1721	2020-05-07 21:17:50.882045+00
21	sessions	0001_initial	2020-05-07 21:17:50.897048+00
\.


--
-- Data for Name: django_session; Type: TABLE DATA; Schema: public; Owner: postgres
--

COPY public.django_session (session_key, session_data, expire_date) FROM stdin;
\.


--
-- Data for Name: partner_partner; Type: TABLE DATA; Schema: public; Owner: postgres
--

COPY public.partner_partner (id, "tradingName", "ownerName", "coverageArea", address, document) FROM stdin;
1	Adega Osasco	Ze da Ambev	0106000020E6100000010000000103000000010000001C000000E65C8AABCAAE45C010406A1327FF36C089247A19C5AE45C08577B988EF0437C0D925AAB706A245C086AC6EF59C0437C08D9C853DEDA045C044C02154A90137C08BFD65F7E49D45C04777103B530037C0BC96900F7A9E45C01EE1B4E045FF36C0836E2F698C9E45C082CAF8F719FF36C0DF37BEF6CC9E45C03ACC971760FF36C02BD9B111889F45C0AC5626FC52FF36C024D1CB28969F45C090DAC4C9FDFE36C06D904946CE9E45C0117008556AFE36C02BA4FCA4DA9F45C0D97745F0BFFD36C0B01BB62DCAA045C0E6E8F17B9BFE36C0CDCCCCCCCCA045C0A0A696ADF5FD36C00D6C956071A045C04BC8073D9BFD36C0B6F81400E3A545C0168733BF9AFB36C044FAEDEBC0A945C090DAC4C9FDF636C05704FF5BC9AA45C09FB0C403CAF636C0971C774A07AB45C0390B7BDAE1F736C0B29DEFA7C6AB45C017BCE82B48FB36C063B9A5D590AC45C050DF32A7CBFA36C085949F54FBAC45C0B3CD8DE909FB36C02F6EA301BCAD45C0D09B8A5418FB36C02DEC6987BFAE45C05E9D6340F6FA36C05778978BF8AE45C0B21188D7F5FB36C04209336DFFAE45C0F775E09C11FD36C002486DE2E4AE45C0BC3FDEAB56FE36C0E65C8AABCAAE45C010406A1327FF36C0	0101000020E6100000047289230FA645C0D540F339770337C0	02.453.716/000170
2	Adega Pinheiros	Ze da Silva	0106000020E610000001000000010300000001000000200000003563D17476AE48C0DD240681957339C0302FC03E3AAD48C041F163CC5D7339C0C976BE9F1AAB48C0FE65F7E4617139C093C6681D55A948C0E3C798BB967039C07FFB3A70CEA848C02922C32ADE7039C02B6A300DC3A748C07FF62345647039C08386FE092EA648C04968CBB9146F39C0D21DC4CE14A648C065FCFB8C0B6F39C02EC55565DFA548C01EF98381E76E39C061C3D32B65A548C02D78D157906E39C062A1D634EFA448C0A03715A9306E39C09430D3F6AFA448C0040473F4F86D39C0861BF0F961A448C02F6EA301BC6D39C085B1852007A148C0D95A5F24B46D39C006D847A7AEA048C06A1327F73B6C39C03F575BB1BFA048C0D0B359F5B96A39C0C6504EB4ABA048C0E292E34EE96839C0B08F4E5DF9A048C0569A94826E6739C0C6504EB4ABA048C03D0FEECEDA6539C093A9825149A148C0153AAFB14B6439C0B6B9313D61A148C0A857CA32C46139C0F6D1A92B9FA148C0C8B5A1629C5F39C037548CF337A148C0F4893C49BA5E39C0DA38622D3EA148C02F51BD35B05D39C0AF42CA4FAAA148C0967840D9945B39C0E0F3C308E1A148C0F0F96184F05839C0EC866D8B32A748C0A7AE7C96E75939C0117008556AAE48C0D9942BBCCB5D39C088BA0F406AAF48C05305A3923A6139C0DEC83CF207AF48C01D774A07EB6739C0EC6987BF26AF48C0774A07EBFF6C39C03563D17476AE48C0DD240681957339C0	0101000020E6100000105839B4C8AA48C084F068E3886139C0	04.433.714/0001-44
3	Adega Sao Paulo	Pedro Silva	0106000020E6100000010000000103000000010000001F000000234A7B832F5443C0DDB5847CD0330EC0E292E34EE95043C04F75C8CD70830EC025068195434F43C070B6B9313DA10EC0BFB7E9CF7E4C43C09CA73AE466B80EC001F6D1A92B4B43C0567DAEB662BF0EC04AEF1B5F7B4A43C0FE43FAEDEBC00EC0CB4A9352D04943C0F9F719170EC40EC0546F0D6C954843C0228E75711BCD0EC0BFB7E9CF7E4843C0CFA0A17F82CB0EC0800EF3E5054843C03CDA38622DBE0EC0D6AD9E93DE4743C016A4198BA6B30EC0C1560916874743C0D673D2FBC6970EC0890CAB78234743C0139B8F6B43850EC03B3602F1BA4643C01500E31934740EC0F5A10BEA5B4643C0B493C151F26A0EC0060DFD135C4443C040A4DFBE0E5C0EC0EBC5504EB44343C09DD7D825AA370EC0906B43C5384343C097C5C4E6E31A0EC00725CCB4FD4343C02A91442FA3180EC01327F73B144543C010069E7B0F170EC0A79196CADB4543C09D9D0C8E92170EC02D26361FD74643C0BBD05CA791160EC0B2683A3B194843C085CE6BEC12150EC06E8B321B644A43C06DFFCA4A93120EC0C6E1CCAFE64C43C0F14BFDBCA9080EC0FD135CACA84D43C05E85949F54FB0DC0FB96395D164F43C0C442AD69DEF10DC0B2683A3B195043C0D1915CFE43FA0DC08CF337A1105143C01EA7E8482EFF0DC001309E41435343C0BD8C62B9A5150EC0234A7B832F5443C0DDB5847CD0330EC0	0101000020E6100000A3409FC8934C43C01F2BF86D88310EC0	04666182390
4	Bar do Ze	Joao Silva	0106000020E6100000010000000103000000010000001D000000AA0EB9196E4843C0E88711C2A3CD0EC04F92AE997C3F43C022AB5B3D27FD0EC02F34D769A43943C0B48EAA26883A0FC02E73BA2C263643C0D4F19881CA380FC071E65773803043C0AE64C746201E0FC0683F5244862D43C0C1A8A44E40130FC0ADA3AA09A23243C0EF7211DF89990EC0D3D9C9E0283543C0F06DFAB31F690EC009168733BF3643C087F9F202EC230EC09413ED2AA43843C0FEB7921D1B010EC0EDB60BCD753A43C0543541D47D000EC0882EA86F993B43C0978BF84ECCFA0DC0643BDF4F8D3B43C0D46531B1F9F80DC0085A8121AB3B43C0A20BEA5BE6F40DC0E42CEC69873B43C05A2A6F4738ED0DC0EAB298D87C3C43C0D8B628B341E60DC0938C9C853D3D43C0522CB7B41AD20DC06631B1F9B83E43C078978BF84ECC0DC0B3D2A414743F43C02B6A300DC3C70DC0448655BC914143C0F59CF4BEF1B50DC018213CDA384243C0C45A7C0A80F10DC0906B43C5384343C0F775E09C11250EC0D5E76A2BF64343C088D7F50B76430EC04694F6065F4443C0DC4B1AA375540EC0304CA60A464543C09291B3B0A75D0EC0F4328AE5964643C0CC7A3194136D0EC0F33CB83B6B4743C08FC2F5285C8F0EC00E4FAF94654843C00C0742B280C90EC0AA0EB9196E4843C0E88711C2A3CD0EC0	0101000020E6100000802DAF5C6F3F43C00FD3BEB9BF7A0EC0	04698149428
5	Bar Legal	Fernando Silva	0106000020E6100000010000000103000000010000000B0000001CF0F96184C045C0BC5B59A2B3C436C0E010AAD4ECB945C0F1457BBC90C636C0A94D9CDCEFB645C0083C3080F0CD36C00C3CF71E2EB145C0DA70581AF8C936C00A12DBDD03B245C071917BBABAC336C07F33315D88AD45C081ED60C43EBD36C0DCD9571EA4B345C051BCCADAA6B436C003098A1F63B845C01899805F23B536C09487855AD3BC45C09A95ED43DEB236C05167EE21E1C145C00C056C0723BE36C01CF0F96184C045C0BC5B59A2B3C436C0	0101000020E61000004A61DEE34CB745C082FDD7B969BF36C0	05202839000126
6	Bar Nem Tanto	Lucas Satto	0106000020E610000001000000010300000001000000290000005587DC0C37F845C0F5BEF1B567DE33C00118CFA0A1F745C0F5F3A62215DE33C05070B1A206F745C021EA3E00A9DD33C024EEB1F4A1F745C0799274CDE4DB33C064AF777FBCF745C016139B8F6BDB33C0791EDC9DB5F745C0B3075A8121DB33C0F9669B1BD3F745C097A8DE1AD8DA33C0F9669B1BD3F745C07BF7C77BD5DA33C0401361C3D3F745C0096D3997E2DA33C07958A835CDF745C05E807D74EADA33C0E4DA5031CEF745C0B3CD8DE909DB33C0328FFCC1C0F745C01904560E2DDA33C0006F8104C5F745C06DC5FEB27BDA33C0791EDC9DB5F745C0D23AAA9A20DA33C03A234A7B83F745C0280F0BB5A6D933C00FEECEDA6DF745C02979758E01D933C0E40F069E7BF745C08EE9094B3CD833C09D11A5BDC1F745C0732EC55565D733C0B9533A58FFF745C049BA66F2CDD633C0F2D24D6210F845C0C971A774B0D633C0C0CFB87020F845C0D89E5912A0D633C0EA04341136F845C0F5DBD78173D633C0384A5E9D63F845C04B02D4D4B2D533C03F8C101E6DF845C0CCB4FD2B2BD533C0CD1E680586F845C0143FC6DCB5D433C05B25581CCEF845C08811C2A38DD333C01B4CC3F011F945C09869FB5756D233C0D3DEE00B93F945C01C5F7B6649D033C08BC3995FCDF945C0D847A7AE7CCE33C0C5724BAB21FD45C069006F8104CD33C0DC4B1AA3750046C084F068E388CD33C00B98C0ADBB0146C00A11700855D233C07D96E7C1DD0146C097ADF54542DB33C006F52D73BA0046C0DBF97E6ABCDC33C03468E89FE0FE45C07FC16ED8B6E033C09B20EA3E00FD45C0C5E6E3DA50E133C017821C9430FB45C0374F75C8CDE033C027DA5548F9F945C062D68BA19CE033C0A80018CFA0F945C09D853DEDF0DF33C0FDBCA94885F945C0AC39403047DF33C05587DC0C37F845C0F5BEF1B567DE33C0	0101000020E61000004C4F58E201FD45C0E1606F6248D633C0	06.269.410/0001-19
7	Mercado Pinheiros	Luiz Santo	0106000020E61000000100000001030000000100000014000000EECF4543C64F47C0E7C3B30419C935C05F43705CC64D47C0A629029CDED135C02A5778978B4847C023A46E675FDD35C07633A31F0D4747C0BABBCE86FCDB35C0B0FECF61BE4647C0E38BF67821D935C0DA3C0E83F94547C039ED293927D635C01F80D4264E4247C09CFC169D2CD535C0274A42226D4147C0A855F48766D235C0BC5B59A2B33E47C0287E8CB96BD135C0FEF0F3DF833D47C0AA0B789961CF35C0DF1B4300704047C0B6DAC35E28CC35C006D671FC504147C018EAB0C22DCB35C073486AA1644247C0FD14C78157CB35C02B137EA99F4347C0E7C3B30419C935C0C6A70018CF4847C055185B0872C435C010751F80D44C47C0930035B56CC535C0B62E35423F4F47C09032E202D0C435C07D09151C5E5047C0D95F764F1EC635C07A39ECBE635047C0ED0E290648C835C0EECF4543C64F47C0E7C3B30419C935C0	0101000020E6100000A18499B67F4947C0F817416326C935C0	06004905000116
8	Adega Ambev	Felipe Rudenberg	0106000020E610000001000000010300000001000000230000001D8F19A88C4B43C0718FA50F5D100EC0E50AEF72114B43C030815B77F3140EC00473F4F8BD4943C0085A8121AB1B0EC02B4D4A41B74743C0AAD4EC8156200EC0DF32A7CB624643C017F19D98F5220EC0695721E5274543C0FEF15EB532210EC064CC5D4BC84343C036C8242367210EC08E3BA583F54343C0FDD98F1491210EC0C381902C604243C056B77A4E7A1F0EC0F5A10BEA5B4243C0C5AC174339110EC0912749D74C4243C029965B5A0D090EC0446E861BF04143C0357BA01518F20DC08B89CDC7B54143C0F3599E0777E70DC0AF25E4839E4143C01B0DE02D90E00DC08B321B64924143C0B1506B9A77DC0DC01A868F88294143C08D0B0742B2C00DC07DCB9C2E8B4143C002D4D4B2B5BE0DC03546EBA86A4243C087DC0C37E0B30DC04221020EA14243C04B02D4D4B2B50DC06BD44334BA4343C0B0FECF61BEBC0DC0293FA9F6E94443C082902C6002B70DC059C0046EDD4543C0F6402B3064B50DC0E0675C38104643C0A453573ECBB30DC04356B77A4E4643C0FED478E926B10DC057CF49EF1B4743C0B1BFEC9E3CAC0DC032E6AE25E44743C07E350708E6A80DC055DE8E705A4843C08351499D80A60DC09B8F6B43C54843C0C0E78711C2A30DC004392861A64943C036B05582C5A10DC02CBCCB457C4B43C066F7E461A1960DC04C89247A194D43C0252367614FBB0DC083DDB06D514E43C00EF3E505D8C70DC0664E97C5C44E43C07E00529B38F90DC0095053CBD64E43C004FF5BC98E0D0EC01D8F19A88C4B43C0718FA50F5D100EC0	0101000020E610000001FA7DFFE64743C00F9A5DF756E40DC0	07.691.399/0001-43
9	Ze da Ambev	Ze Legal	0106000020E6100000010000000103000000010000002A000000C898BB96905347C090882991449F37C02A745E63975447C0AE47E17A149E37C0B6679604A85547C0139B8F6B439D37C08ACDC7B5A15647C00708E6E8F19B37C0E5B8533A585747C083177D05699E37C04CFDBCA9485947C022C32ADEC89C37C03D49BA66F25947C0BAA0BE654E9F37C0E6797077D65A47C0399CF9D51CA037C0473D44A33B5C47C0B4E55C8AABA237C09BE61DA7E85C47C0DB85E63A8DA437C07FFB3A70CE5C47C0CAE0287975A637C04E452A8C2D5C47C0B9A5D590B8A737C0FE9AAC510F5D47C0EAE74D452AAC37C0B8E4B8533A5C47C0AF94658863AD37C00742B280095C47C01FD7868A71AE37C033A7CB62625B47C09B1BD31396B037C0978BF84ECC5A47C026361FD786B237C0F5D6C056095A47C0B324404D2DB337C04DF38E53745847C0412B306475B337C04260E5D0225747C016359886E1B337C019ADA3AA095647C0C39E76F86BB237C069520ABABD5447C07CD5CA845FB237C0018750A5665347C044A852B307B237C0B020CD58345147C0C68A1A4CC3B037C03F6F2A52615047C039EE940ED6AF37C0D656EC2FBB4F47C03EB324404DAD37C087E123624A5047C0064CE0D6DDAC37C0467C2766BD5047C0CE1951DA1BAC37C01A69A9BC1D5147C09D853DEDF0A737C00CE544BB0A5147C002F1BA7EC1A637C0D4F19881CA5047C004392861A6A537C05BB1BFEC9E5047C0B398D87C5CA337C0DBA2CC06995047C0E0BE0E9C33A237C09B1BD313965047C0FE9AAC510FA137C0616C21C8415147C09AB1683A3BA137C06EDDCD531D5247C0705F07CE19A137C0C39E76F86B5247C0E1D1C6116BA137C05FEFFE78AF5247C053B3075A81A137C0895E46B1DC5247C0F0332E1C08A137C0F437A110015347C0E353008C67A037C06C787AA52C5347C09D11A5BDC19F37C0C898BB96905347C090882991449F37C0	0101000020E6100000289B7285775547C044317903CCA837C0	07.710.066/0001-14
10	Emporio legal	Leonardo Cruz	0106000020E6100000010000000103000000010000001A0000007B14AE47E19E48C068D0D03FC16D39C0B6BE4868CB9548C03AE97DE36B6F39C04D840D4FAF9448C02619390B7B6A39C02E56D4601A9248C002D4D4B2B56639C09EEFA7C64B8F48C0C02154A9D96339C0BA66F2CD368F48C0C5C9FD0E456139C0CEDF8442049048C03D0FEECEDA5D39C0CC6262F3719148C0386744696F5839C015527E52ED9348C03EEDF0D7645539C04E9CDCEF509848C0BE6A65C22F5539C0A306D3307C9C48C09F8EC70C545639C0FD304278B4A148C05FD218ADA35A39C0FD6A0E10CCA148C0B1169F02605C39C0DA8F149161A148C0AF5FB01BB65D39C0DA5548F949A148C0D8F0F44A595E39C07D91D09673A148C002F1BA7EC15E39C068B3EA73B5A148C01D554D10755F39C01AA88C7F9FA148C0F05014E8136139C00CCD751A69A148C0317C444C896439C00C1F115322A148C0D673D2FBC66739C0DB8AFD65F7A048C070253B36026939C0691D554D10A148C017D4B7CCE96A39C0F08AE07F2BA148C0E9482EFF216D39C04D4A41B797A048C03D0AD7A3706D39C0C11C3D7E6F9F48C04B1FBAA0BE6D39C07B14AE47E19E48C068D0D03FC16D39C0	0101000020E6100000871403249A9848C0F73B1405FA6039C0	081.914.699-44
11	Emporio Pinheiros	Rai da Silva	0106000020E6100000010000000103000000010000000D000000E8C1DD59BB5947C0677E3507089E37C04E7FF623455C47C07B6649809AA237C067D5E76A2B5E47C01B2AC6F99BA037C0F37684D3825F47C0508D976E129B37C029CB10C7BA6047C016FBCBEEC99B37C09F1F46088F6247C07E1D3867449937C0ED9E3C2CD46247C04C6C3EAE0D9537C0282CF180B26147C043E21E4B1F9237C0603C8386FE5D47C04F5DF92CCF8B37C00A4B3CA06C5A47C0D673D2FBC68F37C020D26F5F075A47C0D28C45D3D99137C0DC2E34D7695847C004560E2DB29537C0E8C1DD59BB5947C0677E3507089E37C0	0101000020E610000083C0CAA1455C47C02C9E7AA4C19537C0	09.201.319/0001-50
12	Adega Emporio	Ronaldinho gaucho	0106000020E610000001000000010300000001000000140000004A07EBFF1C4E47C0EDF0D7648DAA37C0554D10751F5047C0C139234A7BAB37C03E963E74415147C00612143FC6AC37C0FDC1C073EF5147C08A93FB1D8AB237C00CB08F4E5D5147C000E31934F4B737C0D40E7F4DD65047C0A1A17F828BBD37C0467C2766BD5047C029965B5A0DC137C009A7052FFA4E47C0FF5BC98E8DC037C0DBBFB2D2A44C47C056F146E691BF37C09869FB57564A47C0E882FA9639BD37C0F9DA334B024847C05B94D92093BC37C0AD2F12DA724647C079758E01D9BB37C0A1DB4B1AA34547C0EDD808C4EBBA37C0BF4351A04F4447C0B6F81400E3B937C0892991442F4347C0C9022670EBB637C07ADFF8DA334347C0CDE49B6D6EB437C0EB6E9EEA904347C0A930B610E4B037C0C8073D9B554747C05ED72FD80DAB37C0AF946588634947C07C2C7DE882AA37C04A07EBFF1C4E47C0EDF0D7648DAA37C0	0101000020E61000006D54A703594B47C0D218ADA3AAB537C0	09.444.848/0001-84
13	Adega do Joao	Messi Pele	0106000020E6100000010000000103000000010000001F000000D235936FB66147C01AA37554358937C0840D4FAF945D47C06DAD2F12DA9A37C03D9B559FAB5947C0587380608E9E37C02BF697DD935747C0618907944DA137C09F3C2CD49A5647C0331B649291A337C01ADD41EC4C5547C0454772F90FA137C046425BCEA55447C0465F419AB1A037C0E94317D4B75447C0029A081B9E9E37C023DBF97E6A5447C0F54A5986389E37C04F1E166A4D5347C0D6FF39CC979F37C07BDAE1AFC95247C0D313967840A137C0F12E17F19D5047C09B5AB6D617A137C007B64AB0385047C0CC457C27669D37C0312592E8655047C05C72DC291D9C37C00F0BB5A6794F47C09C16BCE82B9837C03411363CBD4E47C0E8D9ACFA5C9537C05917B7D1004E47C008944DB9C29337C0E8DEC325C74D47C097E2AAB2EF9237C0D26F5F07CE4D47C07D3F355EBA9137C0D15CA791964E47C0D7FA22A12D8F37C07233DC80CF4F47C058C51B99478E37C08655BC91795047C041B79734468B37C0EB73B515FB4F47C0BE4D7FF6238537C0499D8026C25647C06B7D91D0968337C0CF83BBB3765747C04221020EA18237C00C1F1153225947C0B56CAD2F128237C0E388B5F8145C47C0E0DBF4673F8237C0D9B11188D75D47C09B3DD00A0C8137C0FFE7305F5E6047C01DC9E53FA47F37C0E3A59BC4206047C0884677103B8337C0D235936FB66147C01AA37554358937C0	0101000020E61000007381CB63CD5847C0AF7C96E7C19137C0	10.144.318/0001-08
14	Joao do Emporio	Pele Maradona	0106000020E6100000010000000103000000010000001700000083C0CAA145F645C02FC03E3A75F533C05A0D897B2CF545C0894160E5D0F233C0E31934F44FF445C000E31934F4EF33C09C16BCE82BF445C09EEA909BE1EE33C040FB912232F445C03EEDF0D764ED33C02384471B47F445C09352D0ED25ED33C078978BF84EF445C077103B53E8EC33C0C6A2E9EC64F445C06AD95A5F24EC33C0D44334BA83F445C0C1C58A1A4CEB33C0CD3B4ED191F445C0A054FB743CE633C003CFBD874BF645C0FC523F6F2AE233C0211FF46C56F945C0C1E270E657E333C0E08442041CFA45C0C139234A7BE333C083FA96395DFA45C006F52D73BAE433C0A583F57F0EFB45C02D431CEBE2E633C03C1405FA44FA45C0DEC83CF207EB33C0D881734694FA45C02D6002B7EEEE33C054573ECBF3FC45C0B6F81400E3F133C060C8EA56CFFD45C0F7E978CC40F533C0BF0E9C33A2FC45C014E8137992FC33C0D2C6116BF1F945C0F241CF66D5F733C0F1F44A5986F845C0A1BE654E97F533C083C0CAA145F645C02FC03E3A75F533C0	0101000020E6100000DFC14F1C40F745C0C976BE9F1AEF33C0	10.899.700/0001-13
15	Emporio da Cerveja	Joao Maradona	0106000020E6100000010000000103000000010000001800000088855AD3BC4347C03C4ED1915C9637C07F30F0DC7B4447C0295C8FC2F59837C026E4839ECD4247C0BD35B055829D37C00BB5A679C74147C090662C9ACE9E37C0F6402B30644147C02BDEC83CF29F37C0FF3EE3C2814047C01B2AC6F99BA037C0AA0EB9196E4047C0A6D0798D5DA237C03ACC9717603F47C0A228D027F2A437C0AD69DE718A3E47C01283C0CAA1A537C0EB73B515FB3B47C03A234A7B83A737C07B319413ED3A47C0117008556AA637C08A1F63EE5A3A47C095607138F3A337C076374F75C83947C097A8DE1AD8A237C0280F0BB5A63947C0569A94826E9F37C01405FA449E3847C08481E7DEC39D37C0AA9A20EA3E3847C0302AA913D09C37C0450DA661F83847C0473D44A33B9837C096B20C71AC3B47C0B8019F1F469837C009336DFFCA3E47C0CD069964E49437C0A514747B493F47C0950ED6FF399437C0800EF3E5054047C0DC4603780B9437C0E3AAB2EF8A4047C04278B471C49237C0F4328AE5964247C0C139234A7B9337C088855AD3BC4347C03C4ED1915C9637C0	0101000020E6100000F793313ECC3C47C02A8C2D04399C37C0	11.863.940/0001-20
16	Ze Delivery	Pele da Silva	0106000020E61000000100000001030000000100000011000000CE3637A627AC45C0DC114E0B5ED436C0312592E865A845C0CFBD874B8ED336C034A2B437F8A645C0E17F2BD9B1D136C0E17F2BD9B1A545C0D2A92B9FE5D136C09D4B7155D9A345C0EC6987BF26D336C004560E2DB2A145C020D26F5F07D636C074982F2FC0A245C0BAF770C971D736C09BAC510FD1A445C09161156F64D636C06EC0E78711A645C0EE5F596952DA36C0977329AE2AA745C04243FF0417DB36C02098A3C7EFA545C0ACADD85F76DF36C09357E71890A545C00A2E56D460E236C03A3B191C25A745C08811C2A38DE336C0FD9FC37C79A945C08AC8B08A37E236C008556AF640AB45C0FE43FAEDEBE036C0F7C77BD5CAAC45C0C2DD59BBEDDA36C0CE3637A627AC45C0DC114E0B5ED436C0	0101000020E610000012A0A696ADA945C0A950DD5CFCD936C0	13.082.397/000150
17	Behoppy	Daniboy	0106000020E6100000010000000103000000010000001B000000C8D2872EA8FB45C07DD0B359F5F933C0EB8B84B69CFB45C0DE59BBED42FB33C0EB1C03B2D7FB45C086E63A8DB4FC33C0931D1B8178FD45C00C3CF71E2E0134C040F67AF7C7FB45C01B47ACC5A70034C0D200DE0209FA45C04850FC1873FF33C094C151F2EAF845C08B4F01309E0134C02CD49AE61DF745C00EDB1665360034C0EC12D55B03F745C0F2B0506B9AFF33C091F2936A9FF645C0F4FDD478E9FE33C0E8305F5E80F545C04C7155D977FD33C06FD8B628B3F545C008E6E8F17BFB33C0C3BB5CC477F645C0016A6AD95AF733C033DC80CF0FF745C0F5B9DA8AFDF533C0A31EA2D11DF845C0BDE3141DC9F533C0BEC1172653F945C0850838842AF533C06FBBD05CA7F945C04A0C022B87F633C0E7525C55F6F945C0AC1C5A643BF733C0C3BB5CC477FA45C07233DC80CFF733C0B43C0FEECEFA45C0AB09A2EE03F833C06536C82423FB45C0B83B6BB75DF833C0ECDD1FEF55FB45C0D42B6519E2F833C0F37684D382FB45C03737A6272CF933C0791EDC9DB5FB45C0DF4F8D976EFA33C0D656EC2FBBFB45C04356B77A4EFA33C03997E2AAB2FB45C0A6ED5F5969FA33C0C8D2872EA8FB45C07DD0B359F5F933C0	0101000020E61000009E08E23C9CFA45C0AAEFFCA204F533C0	13210.058/0001-01
18	SOS Cerveja	Daniel Henrique	0106000020E6100000010000000103000000010000006E0000001618B2BAD55B47C019CA8976158237C02A6F47382D5C47C0984C158C4A8237C0546F0D6C955C47C06CB2463D448337C0AF25E4839E5D47C0315F5E807D8437C00A80F10C1A5E47C086AC6EF59C8437C0890CAB78235F47C014CB2DAD868437C09D465A2A6F5F47C00612143FC68437C0085A8121AB5F47C0213CDA38628537C055F65D11FC5F47C0F27B9BFEEC8737C0C58F31772D6147C0C84109336D8737C012DA722EC56147C0C68A1A4CC38837C0CBB91457956147C0C30DF8FC308A37C0AF25E4839E6147C0A4A5F276848B37C0F6D1A92B9F6147C04030478FDF8B37C0273108AC1C6247C0B05582C5E18C37C0FC6F253B366247C0840D4FAF948D37C027F73B14056247C01EDC9DB5DB8E37C0350C1F11536247C073637AC2128F37C08A93FB1D8A6247C08FC2F5285C8F37C098A3C7EF6D6247C02A6F47382D9037C00A850838846247C0AA0EB9196E9037C0423EE8D9AC6247C038842A357B9037C0A54929E8F66247C08CDB68006F9137C0A60F5D50DF6247C0C4995FCD019237C03411363CBD6247C01904560E2D9237C09F93DE37BE6247C0B51A12F7589237C025581CCEFC6247C05ED72FD80D9337C0825660C8EA6247C0B37BF2B0509337C0B54FC763066247C0EB8B84B69C9337C03BE466B8016347C0E89FE062459537C0ADA3AA09A26247C021020EA14A9537C075E5B33C0F6247C0BDE3141DC99537C03012DA722E6147C0F5F3A622159637C0693524EEB16047C067D5E76A2B9637C077D66EBBD06047C002B7EEE6A99637C0E94317D4B76047C0BA313D61899737C0315F5E807D6047C0C8242367619737C04EB4AB90F25F47C02B306475AB9737C007EBFF1CE65F47C0D44334BA839837C01D7233DC805F47C00DA661F8889837C09DD7D825AA5F47C00CC85EEFFE9837C0B2463D44A35F47C08C84B69C4B9937C0390B7BDAE15F47C0FBAE08FEB79A37C0B1A206D3306047C0B30C71AC8B9B37C02AC6F99B506047C06A300DC3479C37C078280AF4896047C0F836FDD98F9C37C0456458C51B6147C011FC6F253B9E37C08CB96B09F96047C03BC780ECF59E37C08D45D3D9C96047C02C82FFAD649F37C0A306D3307C6047C039B4C876BE9F37C02B1895D4096047C0643BDF4F8D9F37C0E44EE960FD5F47C0562B137EA99F37C04EEE77280A6047C0B97020240BA037C0E3DF675C386047C00D6C956071A037C0B81E85EB516047C0C5AC174339A137C02367614F3B6047C00C3CF71E2EA137C06397A8DE1A6047C061A6ED5F59A137C01C25AFCE316047C099D36531B1A137C0B2852007256047C0C32ADEC83CA237C0E353008C676047C0A64412BD8CA237C01C5F7B66496047C0C2DD59BBEDA237C01CEBE2361A6047C0170E846401A337C04ED1915CFE5F47C05DF92CCF83A337C007CE1951DA5F47C0EB1C03B2D7A337C081ECF5EE8F5F47C00708E6E8F1A337C058CA32C4B15E47C0CF49EF1B5FA337C0F4F8BD4D7F5E47C088F4DBD781A337C06E5166834C5E47C08638D6C56DA437C05917B7D1005E47C014B35E0CE5A437C0F08AE07F2B5D47C04C89247A19A537C00EA14ACD1E5C47C02BFBAE08FEA737C025CCB4FD2B5B47C0B6D617096DA937C0F4FDD478E95A47C0C32ADEC83CAA37C0751F80D4265A47C00C3CF71E2EA937C092CB7F48BF5947C01BF5108DEEA837C09B38B9DFA15847C01D5A643BDFA737C01D3D7E6FD35747C0ADFA5C6DC5A637C04F1E166A4D5747C082734694F6A637C0DEC83CF2075747C00FB4024356A737C07C0A80F10C5647C0B05582C5E1A437C0BBD05CA7915647C06B65C22FF5A337C0111E6D1CB15647C034A2B437F8A237C0EB6E9EEA905747C061A6ED5F59A137C08143A852B35747C0467C2766BDA037C0478FDFDBF45747C01C7C613255A037C0C9C859D8D35647C0E92B4833169D37C043041C42955647C007CE1951DA9B37C0E8DEC325C75547C02FC03E3A759537C02EE23B31EB5547C0791EDC9DB59337C029CB10C7BA5447C0E04A766C049237C0077C7E18215447C07094BC3AC79037C095607138F35347C0569FABADD88F37C0A4C2D842905347C09FCDAACFD58E37C002BC0512145347C0A03715A9308E37C0425BCEA5B85247C0BE874B8E3B8D37C09F5912A0A65247C0670A9DD7D88D37C0EE7C3F355E5247C067D5E76A2B8E37C0FE65F7E4615147C066A032FE7D8E37C0384A5E9D635047C058FFE7305F8E37C02B357BA0155047C0DA03ADC0908D37C06A87BF266B5047C0C0EC9E3C2C8C37C04D10751F805047C06C3EAE0D158B37C04ED1915CFE4F47C0A9D903ADC08837C0645DDC46035047C0F701486DE28437C08386FE092E5247C0B0FECF61BE8437C0187D0569C65647C0C173EFE1928337C0DDEA39E97D5747C034D769A4A58237C09B030473F45847C0357BA015188237C058569A94825A47C00AD7A3703D8237C01618B2BAD55B47C019CA8976158237C0	0101000020E6100000E43098BF425847C0963E74417D8F37C0	15.127.213/0001-56
19	Noiz Cerveja	Eduardo Pedroso	0106000020E6100000010000000103000000010000000C000000156F641EF90348C062F3716DA8F035C0F5108DEE20FE47C04221020EA10236C0F7CC920035F547C070253B36021136C07958A835CDEF47C07C613255301236C02DEC6987BFEA47C0B8019F1F461036C04A29E8F692E647C037A6272CF10836C0614F3BFC35E547C03AAFB14B54FF35C05C55F65D11E847C0892991442FF335C0E7FBA9F1D2ED47C0EDB60BCD75EA35C02619390B7BFA47C0AD6EF59CF4E635C0C1ADBB79AAFF47C06E693524EEE935C0156F641EF90348C062F3716DA8F035C0	0101000020E6100000DF4E22C2BFF247C0AB7823F3C8FF35C0	15.187.572/0001-07
20	Ze Repoe	Eduardo Piroco	0106000020E61000000100000001030000000100000029000000DD24068195A748C03468E89FE08A39C09B8F6B43C5A848C09BAC510FD18839C06EA301BC05AA48C03A0664AF778739C07B14AE47E1AA48C0683F5244868539C0569FABADD8AB48C045F0BF95EC8039C0397F130A11AC48C02DCF83BBB37E39C0BE6A65C22FAD48C061545227A07939C0ED9925016AAE48C0419FC893A47339C062156F641EAD48C05EBA490C027339C053AEF02E17AD48C0D23AAA9A207239C02B1895D409AC48C0E1D1C6116B7139C04A29E8F692AA48C0FF959526A57039C0B6DB2E34D7A948C04703780B247039C01422E010AAA848C0F14BFDBCA97039C0481B47ACC5A748C000917EFB3A7039C03DB83B6BB7A548C0D89E5912A06E39C031D3F6AFACA448C0D9942BBCCB6D39C0E466B8019FA348C02237C30DF86C39C0D734EF3845A348C0137EA99F376D39C02CF180B229A348C04CFDBCA9486D39C0739D465A2AA348C0BE874B8E3B6D39C033F9669B1BA348C021C84109336D39C082902C6002A348C0AF777FBC576D39C0FB22A12DE7A248C013B875374F6D39C0E622BE13B3A248C0302FC03E3A6D39C0D9B11188D7A148C0A1B94E232D6D39C09A99999999A148C0832F4CA60A6E39C0B6D617096DA148C002D4D4B2B56E39C03D0AD7A370A148C010E9B7AF036F39C071C971A774A048C0AB21718FA56F39C0B1DCD26A48A048C0B81E85EB517039C0A375543541A048C0C66D3480B77039C0E388B5F814A048C0FE0E45813E7139C0CD1E6805869C48C089981249F47A39C09D853DEDF09B48C0315F5E807D7C39C0D0B359F5B99A48C071AC8BDB688039C0A228D027F29C48C067D5E76A2B8639C05322895E469D48C0F4F8BD4D7F8639C0003ACC9717A448C06EDDCD531D8A39C0D1CB28965BA648C0A4880CAB788B39C0DD24068195A748C03468E89FE08A39C0	0101000020E61000005C77F35487A448C0D32D3BC43F7C39C0	15.562.297/0001-56
21	Adega Osasco	Pele Maradona	0106000020E61000000100000001030000000100000044000000C6A2E9EC64F445C069A9BC1DE1EC33C0153AAFB14BF445C05AF5B9DA8AED33C080828B1535F445C0F5DBD78173EE33C09CA223B9FCF345C0734BAB2171EF33C0DD989EB0C4F345C0BBED42739DEE33C0B329577897F345C05AF5B9DA8AED33C057CF49EF1BF345C07767EDB60BED33C0A5F78DAF3DF345C0F9F719170EEC33C010406A1327F345C0176536C824EB33C0C217265305F345C08A3C49BA66EA33C0D89E5912A0F245C08A3C49BA66EA33C0A0FD481119F245C044A852B307EA33C0BD1DE1B4E0F145C0293FA9F6E9E833C00B46257502F245C072E1404816E833C0B6847CD0B3F145C0E5B8533A58E733C0685C381092F145C03C1405FA44E633C01A34F44F70F145C0053411363CE533C06FF59CF4BEF145C079060DFD13E433C0EE258DD13AF245C050E449D235E333C01F2E39EE94F245C0DF32A7CB62E233C08A7615527EF245C0EFE6A90EB9E133C099F5622827F245C0C6C4E6E3DAE033C075E5B33C0FF245C00D897B2C7DE033C099F5622827F245C02A1DACFF73E033C02DCF83BBB3F245C0F27B9BFEECDF33C0DEAB5626FCF245C048E17A14AEDF33C05053CBD6FAF245C01F2E39EE94DE33C0095053CBD6F245C076FD82DDB0DD33C0B41F2922C3F245C0F697DD9387DD33C09F76F86BB2F245C0A12DE7525CDD33C05778978BF8F245C0696FF085C9DC33C0F3AB394030F345C0DC68006F81DC33C072F90FE9B7F345C0156F641EF9DB33C0CE1951DA1BF445C024287E8CB9DB33C07077D66EBBF445C0A4703D0AD7DB33C0B77F65A549F545C015A930B610DC33C04417D4B7CCF545C031992A1895DC33C0CBDB114E0BF645C0302AA913D0DC33C04A07EBFF1CF645C0F758FAD005DD33C0D174763238F645C030BB270F0BDD33C0D1CB28965BF645C04CC3F01131DD33C051F701486DF645C0F7065F984CDD33C0D13FC1C58AF645C0CC28965B5ADD33C043041C4295F645C0A1A17F828BDD33C034F44F70B1F645C02E39EE940EDE33C01F85EB51B8F645C02EE7525C55DE33C049809A5AB6F645C0745E6397A8DE33C0F4328AE596F645C065A54929E8DE33C018EC866D8BF645C02C2B4D4A41DF33C042959A3DD0F645C0D50968226CE033C089981249F4F645C036C8242367E133C0B4B0A71DFEF645C06F9EEA909BE133C0B4B0A71DFEF645C019390B7BDAE133C074417DCB9CF645C08AB0E1E995E233C043739D465AF645C0268DD13AAAE233C02766BD18CAF545C0A4C2D84290E333C0056EDDCD53F545C05C1B2AC6F9E333C02905DD5ED2F445C0DB166536C8E433C071033E3F8CF445C0A0A696ADF5E533C0DCBA9BA73AF445C0833463D174E633C0153AAFB14BF445C0BA83D89942E733C0D44334BA83F445C0390B7BDAE1E733C01CD3139678F445C046B6F3FDD4E833C0153AAFB14BF445C0E197FA7953E933C03F8C101E6DF445C0FB05BB61DBEA33C06AFB57569AF445C07A7077D66EEB33C0226C787AA5F445C0EB39E97DE3EB33C0C6A2E9EC64F445C069A9BC1DE1EC33C0	0101000020E6100000E700C11C3DF445C02541B8020AED33C0	16.572.053/0001-17
22	Adega Pinheiros	Joao Maradona	0106000020E61000000100000001030000000100000014000000DFA63FFB919645C0EE42739D46EA36C0892991442F9745C0A4DFBE0E9CEB36C0649291B3B09745C02EAD86C43DEE36C003603C83869A45C01E166A4DF3EE36C0EDD808C4EB9A45C0323D618907F436C059C0046EDD9D45C03A3B191C25F736C052499D80269E45C051DA1B7C61FA36C07BA01518B29E45C0B1E1E995B2FC36C048E17A14AE9F45C0D712F241CFFE36C0C79DD2C1FA9F45C09CC420B0720037C07B6B60AB049F45C07F4DD6A8870037C0BE874B8E3B9D45C075594C6C3EFE36C0401878EE3D9845C0F52D73BA2CFE36C079E92631089445C03BFC3559A3F636C0D7868A71FE9245C0096D3997E2F236C0F3AB3940309345C02BFBAE08FEEF36C004FF5BC98E9545C0AC8BDB6800EF36C07E1D3867449545C024287E8CB9EB36C004392861A69545C0DF4F8D976EEA36C0DFA63FFB919645C0EE42739D46EA36C0	0101000020E6100000C6BE64E3C19845C0790261A758F536C0	18.293.334/0001-66
23	Adega Sao Paulo	Pele da Silva	0106000020E6100000010000000103000000010000001F000000E370E657735847C0A7E8482EFF8137C0E466B8019F5747C0C9B08A37327F37C0C80C54C6BF5747C0F6285C8FC27D37C0AD6EF59CF45647C0DD41EC4CA17B37C075B0FECF615647C0179F02603C7B37C0D21DC4CE145647C06EA301BC057A37C0575BB1BFEC5247C0766C04E2757537C08AC8B08A374E47C06E4C4F58E27137C03E22A644124D47C0DBA7E331037537C0D3BCE3141D4947C09357E718907537C062F88898124947C02BA4FCA4DA7737C09D11A5BDC14747C07DCB9C2E8B7937C00F289B72854747C03ACC9717607F37C0C898BB96904747C04BEA0434118637C00395F1EF334647C070253B36028937C0B8CCE9B2984C47C06BD44334BA8B37C083C0CAA1454E47C09274CDE49B8D37C02B1895D4095047C0697407B1338D37C04E621058395047C0EDD808C4EB8A37C07784D382175147C0C4995FCD018A37C0B7EEE6A90E5147C0456458C51B8937C04417D4B7CC5147C07F87A2409F8837C00A9DD7D8255247C01D03B2D7BB8737C02D95B7239C5247C01EC4CE143A8737C01EC4CE143A5347C01E1B81785D8737C0E38DCC237F5447C01F680586AC8637C05BB1BFEC9E5447C000917EFB3A8837C0C6C4E6E3DA5447C09C33A2B4378837C065FCFB8C0B5747C0D925AAB7068637C0AD342905DD5647C0335019FF3E8337C0E370E657735847C0A7E8482EFF8137C0	0101000020E6100000F5108DEE204E47C092054CE0D67D37C0	19.024.189/0001-80
24	Bar do Ze	Daniboy	0106000020E6100000010000000103000000010000001B0000005DF92CCF83BB45C08E75711B0DE036C0A33B889D29BC45C0F12900C633E036C0077C7E1821BC45C0613255302AE136C0419AB1683ABB45C0FD82DDB06DE136C0857CD0B359B945C05F07CE1951E236C06284F068E3B845C04BCD1E6805E636C04850FC1873B345C0058BC3995FE536C038A1100187B045C080828B1535E836C0B285200725B045C07CED992501EA36C049BA66F2CDAE45C0A81DFE9AACE936C036E50AEF72AD45C0D34D621058E936C04BE5ED08A7AD45C001F6D1A92BE736C0B6BE4868CBAD45C013D55B035BE536C046EBA86A82A845C0C190D5AD9EE336C07E6FD39FFDA845C0A774B0FECFE136C05969520ABAAD45C09A5FCD0182E136C0AF997CB3CDAD45C0C959D8D30EDF36C0EEB1F4A10BAE45C0EA3E00A94DDC36C00FEECEDA6DAF45C08FAA2688BAD736C0B08F4E5DF9B045C060AB048BC3D936C02D5BEB8B84B245C009E1D1C611DB36C00BD28C45D3B545C076C3B64599DD36C012F758FAD0B945C006D847A7AEDC36C020B58993FBB945C0D8F0F44A59DE36C0841266DAFEB945C00E2DB29DEFDF36C026AAB706B6BA45C0B97020240BE036C05DF92CCF83BB45C08E75711B0DE036C0	0101000020E6100000BF1072DEFFB345C09F71E14048E236C0	19.280.240/0001-15
25	Bar Legal	Daniel Henrique	0106000020E61000000100000001030000000100000029000000910F7A36ABB245C0481B47ACC5F736C0F31FD26F5FB345C05305A3923AF936C098C0ADBB79B245C03255302AA90337C07D224F92AEAD45C06DCA15DEE50237C0F758FAD005AD45C07E52EDD3F1F836C012DA722EC5A945C062670A9DD7F836C0ED647094BCAA45C0F6EE8FF7AAF536C04C89247A19AD45C0A5F78DAF3DF336C09352D0ED25AD45C0EBFF1CE6CBF336C08BC3995FCDAD45C06B65C22FF5F336C0A1DB4B1AA3AD45C0F9DA334B02F436C0AD4CF8A57EAE45C06B9F8EC70CF436C01E6D1CB116AF45C024287E8CB9F336C02506819543AF45C00A9DD7D825F236C0422619390BAF45C06F1283C0CAF136C07C444C8924AE45C0D2FBC6D79EF136C0289B728577AD45C0516B9A779CF236C0E15D2EE23BAD45C0D044D8F0F4F236C0CC4065FCFBAC45C05E4BC8073DF336C03108AC1C5AAC45C0DDEF5014E8F336C0ABCFD556ECAB45C03F52448655F436C0884B8E3BA5AB45C03F1D8F19A8F436C017D9CEF753AB45C0A245B6F3FDF436C01E6D1CB116AB45C0E882FA9639F536C05E6397A8DEAA45C0A167B3EA73F536C0A6D590B8C7AA45C084F068E388F536C03B191C25AFAA45C076C3B64599F536C0ED2AA4FCA4AA45C0E7FBA9F1D2F536C0183E22A644AA45C0026553AEF0F636C0D9B11188D7A945C05951836918F636C02F8B89CDC7A945C06A6AD95A5FF436C0377172BF43A945C07E18213CDAF036C013B875374FA945C0761A69A9BCED36C009C4EBFA05AB45C05B25581CCEEC36C0975643E21EAF45C09AEB34D252E936C065DF15C1FFB245C02670EB6E9EEA36C050C763062AB345C09291B3B0A7ED36C0423EE8D9ACB245C010406A1327EF36C0C3F5285C8FB245C00D897B2C7DF036C01F2E39EE94B245C02A6F47382DF836C0910F7A36ABB245C0481B47ACC5F736C0	0101000020E6100000D40E7F4DD6AC45C04834812216F536C0	20.053.623/0001-30
26	Bar Nem Tanto	Daniboy	0106000020E6100000010000000103000000010000003000000002B7EEE6A9FA45C031D3F6AFACDC33C0ED9E3C2CD4FA45C07AFCDEA63FDB33C09088299144FB45C07D91D09673D933C018096D3997FA45C028D53E1D8FD933C0A089B0E1E9F945C0B5A679C729DA33C085EB51B81EF945C0DF15C1FF56DA33C0EA78CC4065F845C0C6F99B5088D833C08048BF7D1DF845C0E42CEC6987D733C0CEDF844204F845C09E98F56228D733C07940D9942BF845C03B53E8BCC6D633C0809F71E140F845C0037D224F92D633C09C6D6E4C4FF845C076543541D4D533C0975643E21EF745C006BB61DBA2D433C0A14ACD1E68F545C0A0A696ADF5D533C0B97020240BF445C0F0DC7BB8E4D833C08E40BCAE5FF445C00B410E4A98D933C094D920938CF445C0ECC039234ADB33C0D5E76A2BF6F345C040D9942BBCDB33C05DC47762D6F345C0064CE0D6DDDC33C0E4BD6A65C2F345C0F5B9DA8AFDDD33C0791EDC9DB5F345C003098A1F63DE33C02B6A300DC3F345C02D78D15790DE33C01CEBE2361AF445C01FBAA0BE65DE33C05CC98E8D40F445C0CA37DBDC98DE33C0F888981249F445C0F4328AE596DE33C0CEAACFD556F445C0745E6397A8DE33C078D1579066F445C002F1BA7EC1DE33C0B1506B9A77F445C03B70CE88D2DE33C0FF5BC98E8DF445C065A54929E8DE33C0A27F828B15F545C09EEA909BE1DE33C08C4AEA0434F545C04968CBB914DF33C059DDEA39E9F545C029AE2AFBAEE033C0B56CAD2F12F645C09AB1683A3BE133C0352905DD5EF645C0E0675C3810E233C0499D8026C2F645C018EC866D8BE233C032384A5E9DF745C0C2120F289BE233C0DC4B1AA375F845C0EC2FBB270FE333C03E5C72DC29F945C0A514747B49E333C0AF08FEB792F945C07A8D5DA27AE333C04BE5ED08A7F945C0D00A0C59DDE233C06FF59CF4BEF945C0704221020EE133C0B3EA73B515FB45C0D2C6116BF1E133C0C84109336DFB45C0FCFB8C0B07E233C016FBCBEEC9FB45C0B6DB2E34D7E133C05EBA490C02FB45C039EE940ED6DF33C003CFBD874BFA45C0596E693524DE33C01FBAA0BE65FA45C05A2F8672A2DD33C002B7EEE6A9FA45C031D3F6AFACDC33C0	0101000020E61000003AB01C2103F945C01D1EC2F869DC33C0	20.194.088/0001-37
27	Mercado Pinheiros	Daniel Henrique	0106000020E61000000100000001030000000100000015000000E0BE0E9C335E47C0E73A8DB4546637C038DBDC989E6047C00551F701486537C0CA37DBDC986247C0E73A8DB4546637C02592E865146347C0666B7D91D06637C047ACC5A7006447C048BF7D1D386737C04CA60A46256547C06397A8DE1A6837C05D33F9669B6747C04417D4B7CC6937C0B98D06F0166847C0344B02D4D47237C0B7EEE6A90E6547C0A88C7F9F717937C0569A94826E6347C0EF8FF7AA958137C0AB09A2EE036047C0257A19C5728337C09B728577B95C47C0FAB31F29228337C0965B5A0D895B47C035B56CAD2F8237C0FC523F6F2A5A47C0E1455F419A8137C0F168E388B55847C06FF59CF4BE8137C0FCFB8C0B075647C0C4CE143AAF7937C02C6519E2585747C050C24CDBBF7237C00A2E56D4605A47C0BFD4CF9B8A6C37C095F1EF332E5C47C064CC5D4BC86737C0EFACDD76A15D47C066A032FE7D6637C0E0BE0E9C335E47C0E73A8DB4546637C0	0101000020E61000008EB1135E825F47C0D540F339777337C0	21.579.095/0001-10
28	Adega Ambev	Eduardo Pedroso	0106000020E610000001000000010300000001000000150000009F71E140484E47C02C6519E2589737C03485CE6BEC4A47C08351499D809637C0FF21FDF6754847C059A31EA2D19537C0126BF129004647C05839B4C8769637C0DC68006F814447C02DCF83BBB39637C0D0B359F5B94247C0D3D9C9E0289937C0A80018CFA04147C0EBA86A82A89B37C04D672783A34047C0520FD1E80EA237C0697407B1334147C0CC7F48BF7DA537C0A14ACD1E684147C09DF4BEF1B5A737C082E2C798BB4247C062670A9DD7A837C09A42E735764547C05114E81379AA37C06458C51B994747C0D027F224E9AA37C0309E4143FF4847C09817601F9DAA37C0982F2FC03E4A47C0DDCD531D72AB37C023DBF97E6A4C47C0D2E3F736FDA937C0DE59BBED424F47C0C6504EB4ABA037C05C8FC2F5285047C0494BE5ED089F37C023A12DE7525047C0EA3E00A94D9C37C0B2632310AF4F47C0378E588B4F9937C09F71E140484E47C02C6519E2589737C0	0101000020E610000091B41B7DCC4547C0276893C327A137C0	21.658.641/0001-08
29	Emporio legal	Ze da Ambev	0106000020E610000001000000010300000001000000090000007381CB63CDC245C0274EEE77280237C0E5ED08A705C345C06C43C5387F0737C0FAF202ECA3B745C09148DBF8130D37C002D369DD06AF45C0FB90B75CFD0437C0B4AA251DE5AE45C08542041C42F936C06EC1525DC0B145C064E597C118F936C0F48AA71E69B245C0D34ECDE506F336C0A759A0DD21C145C0EBC4E57805F636C07381CB63CDC245C0274EEE77280237C0	0101000020E6100000D7D9907F66BC45C0006F8104C50737C0	22512343000178
30	Emporio Pinheiros	Ze da Ambev	0106000020E6100000010000000103000000010000000E000000922232ACE28147C0314278B471DC36C06FBBD05CA78547C0CC5D4BC807DD36C0BE13B35E0C8947C02CD49AE61DDF36C0C7BAB88D068C47C06ABC749318E436C08A8EE4F21F8E47C0B48EAA2688EA36C0E2CCAFE6008D47C0C251F2EA1CF336C069520ABABD8847C099F5622827FA36C02041F163CC8147C0BB44F5D6C0F636C04AD235936F7E47C0689604A8A9F536C05F984C158C7A47C01904560E2DF236C0166A4DF38E7747C00B5EF415A4E936C029B34126197547C0B3B5BE4868E336C0923F1878EE7947C0B1A71DFE9ADC36C0922232ACE28147C0314278B471DC36C0	0101000020E6100000EECEDA6D178247C04CDD955D30EC36C0	22745914/0001-14
31	Adega Emporio	Ze da Silva	0106000020E61000000100000001030000000100000013000000C87BD5CA846747C059349D9D0C9637C0C93CF207036B47C0BABDA4315A9F37C04C89247A196D47C0556AF6402BA837C0EDF0D7648D6247C06EC0E78711B237C0C7BAB88D066047C07C9BFEEC47B237C0A18499B67F5D47C055FB743C66B037C08BFD65F7E45D47C0A06CCA15DEAD37C09AEB34D2525D47C0EA3E00A94DAC37C0CD920035B55C47C09B5AB6D617A937C05BD3BCE3145D47C032ACE28DCCA337C02B1895D4095C47C0991249F432A237C0975643E21E5B47C0399CF9D51CA037C091B8C7D2875A47C066DAFE95959E37C0A4DFBE0E9C5B47C04B02D4D4B29D37C06E4C4F58E25D47C00A2E56D4609A37C02176A6D0796147C00074982F2F9837C06E861BF0F96147C0A0A696ADF59537C09DBAF2599E6347C07689EAAD819537C0C87BD5CA846747C059349D9D0C9637C0	0101000020E61000005A2BDA1CE76447C028BA2EFCE0A437C0	23.254.882/0001-17
32	Adega do Joao	Pedro Silva	0106000020E61000000100000001030000000100000036000000FF04172B6A3C47C08C84B69C4BA937C0598638D6C53D47C0C72E51BD35A837C099F56228273E47C00EBE30992AA837C0D712F241CF3E47C01B0DE02D90A837C0DD989EB0C43F47C0809F71E140A837C068226C787A4147C0F41ABB44F5A637C0B6A1629CBF4147C0AD510FD1E8A637C0D1E80E62674247C065FCFB8C0BA737C0DFE00B93A94247C0AD510FD1E8A637C0EDD808C4EB4247C0E6AE25E483A637C0AC90F2936A4347C084D89942E7A537C088687407B14347C021E527D53EA537C0F9DA334B024447C01327F73B14A537C0F86BB2463D4447C08638D6C56DA437C0B8585183694447C088F4DBD781A337C025E99AC9374347C0B9196EC0E79F37C0747B4963B44247C02FFA0AD28C9D37C01AC05B20414147C05F0CE544BB9A37C009336DFFCA3E47C05B423EE8D99437C09D6340F67A3B47C0399CF9D51C9837C0611A868F883947C0481B47ACC59737C029CB10C7BA3847C04985B185209737C0AB7823F3C83747C0666B7D91D09637C008C90226703747C09E7B0F971C9737C06C787AA52C3747C09C8A54185B9837C0649291B3B03747C0DD7BB8E4B89B37C03F8C101E6D3847C0F931E6AE259C37C078978BF84E3847C0064CE0D6DD9C37C0F180B229573847C0930035B56C9D37C08DB454DE8E3847C092054CE0D69D37C038F3AB39403847C0E6E8F17B9B9E37C0E3DF675C383847C0D39FFD4811A137C0CDE49B6D6E3847C00BB5A679C7A137C02A3A92CB7F3847C043AD69DE71A237C01B649291B33847C00ADCBA9BA7A237C0BE9F1A2FDD3847C0D0B359F5B9A237C04D158C4AEA3847C0D0ED258DD1A237C0B7B41A12F73847C05070B1A206A337C005FA449E243947C02575029A08A337C013D55B035B3947C0D0F23CB83BA337C0F67AF7C77B3947C050AA7D3A1EA337C0685C3810923947C0091B9E5E29A337C04BC8073D9B3947C016139B8F6BA337C061545227A03947C0A453573ECBA337C0AF5FB01BB63947C032C9C859D8A337C08BA6B393C13947C032207BBDFBA337C0EE5A423EE83947C0CE531D7233A437C0C32ADEC83C3A47C031EBC5504EA437C075E5B33C0F3A47C03F575BB1BFA437C04A29E8F6923A47C04C1AA37554A537C0FB96395D163B47C0E6E8F17B9BA637C0793BC269C13B47C03BC780ECF5A637C023A12DE7523C47C01CEBE2361AA837C0FF04172B6A3C47C08C84B69C4BA937C0	0101000020E6100000BF49D3A0683C47C09599D2FA5B9E37C0	23.459.215/0001-70
33	Joao do Emporio	Joao Silva	0106000020E61000000100000001030000000100000013000000D578E926316047C04AB54FC7637637C0172B6A300D5347C05721E527D57637C058CA32C4B15247C09C16BCE82B7837C03D0FEECEDA5147C01D554D10757737C0C6C4E6E3DA5047C0EC17EC866D7B37C07DAEB6627F5147C0A4198BA6B37B37C0BD1DE1B4E05147C0BFD4CF9B8A7C37C0E4A08499B65347C085251E50367D37C0713D0AD7A35447C0C9E53FA4DF7E37C012A0A696AD5547C0B6F3FDD4788137C0EDBB22F8DF5647C025AFCE31208337C01630815B775747C06DFFCA4A938237C03EE8D9ACFA5847C01973D712F28137C02E043928615A47C0FC8C0B07428237C0FFE7305F5E5C47C043C5387F138237C0350C1F11535E47C0E90E62670A7D37C098DD9387855E47C08A93FB1D8A7A37C05648F949B55F47C0F08AE07F2B7937C0D578E926316047C04AB54FC7637637C0	0101000020E610000089981249F45647C0ED0BE8853B7737C0	23.680.471/0001-93
34	Emporio da Cerveja	Fernando Silva	0106000020E61000000100000001030000000100000015000000FEF15EB5322D47C009C4EBFA057B37C0200C3CF71E2E47C0F25EB532E17737C0B8019F1F463047C0F4FDD478E97637C03B70CE88D23247C08E06F016487837C00113B875373747C0D61C2098A37737C0B8E4B8533A3847C0EEEBC039237A37C06E693524EE3947C033164D67277B37C033A7CB62623B47C04F75C8CD707B37C0B05582C5E13C47C09947FE60E07937C0D3A414747B3D47C040C1C58A1A7C37C0B0389CF9D53C47C061FD9FC37C8137C080D4264EEE3B47C05CC98E8D408437C0273108AC1C3A47C07FFB3A70CE8837C0CEDF8442043847C01A6EC0E7878937C01878EE3D5C3647C0253B3602F18A37C0AD2F12DA723247C08542041C428D37C0D6FF39CC972F47C0A8A9656B7D8937C051A5660FB42E47C015C616821C8437C02922C32ADE2C47C02A8C2D04398037C0EA094B3CA02C47C085EB51B81E7D37C0FEF15EB5322D47C009C4EBFA057B37C0	0101000020E6100000B97020240B3447C0999EB0C4037E37C0	23.934.782/0001-31
35	Ze Delivery	Lucas Satto	0106000020E610000001000000010300000001000000150000000E32C9C8599C45C08733BF9A03D436C095B7239C169445C00F7F4DD6A8D736C07F30F0DC7B9445C00C3CF71E2ED136C00C93A982519545C0B8239C16BCD036C0271422E0109645C056B77A4E7ACF36C04C89247A199545C05B25581CCECC36C00F45813E919345C06F47382D78C936C0C11C3D7E6F9345C0E544BB0A29C736C053793BC2699545C04AB54FC763C636C0D8648D7A889A45C067614F3BFCC536C00BEF7211DFA145C0F7C77BD5CACC36C02EE7525C55A245C09EB5DB2E34CF36C08386FE092EA245C0371AC05B20D136C0077C7E1821A045C077DB85E63AD536C03A58FFE7309F45C0BA2C26361FD736C0342E1C08C99E45C0B84082E2C7D836C0183E22A6449E45C088855AD3BCDB36C09AEB34D2529D45C0202922C32ADE36C0A4DFBE0E9C9B45C0BA83D89942DF36C08D976E12839845C0D0B359F5B9DA36C00E32C9C8599C45C08733BF9A03D436C0	0101000020E6100000EE7893DFA29945C0A96A82A8FBD036C0	23840372000121
36	Behoppy	Luiz Santo	0106000020E61000000100000001030000000100000007000000AA0EB9196E3C47C0E1EEACDD768137C0A774B0FECF4547C0300DC347C48437C05166834C324647C08750A5660F8C37C0E370E657734447C024EEB1F4A19337C0F25EB532E13F47C04777103B539837C03D49BA66F23947C0EBA86A82A88B37C0AA0EB9196E3C47C0E1EEACDD768137C0	0101000020E610000059518369184247C07575C7629B8C37C0	24.522.169/0001-70
37	SOS Cerveja	Felipe Rudenberg	0106000020E6100000010000000103000000010000000F00000089247A19C58E45C061E0B9F770E136C0B8E9CF7EA49045C00E84640113E036C0FD135CACA89145C04339D1AE42E236C012143FC6DC9145C0C5AC174339E936C01E166A4DF38E45C096ECD808C4EB36C0EE258DD13A8E45C0210725CCB4ED36C0FD4D2844C08D45C07216F6B4C3EF36C0CDCCCCCCCC8C45C0D6E253008CEF36C018601F9DBA8A45C059DDEA39E9ED36C0210725CCB48945C0B56CAD2F12EA36C088635DDC468B45C07233DC80CFE736C02367614F3B8C45C086C954C1A8E436C063EE5A423E8C45C0A4367172BFE336C0C4B12E6EA38D45C0EA78CC4065E436C089247A19C58E45C061E0B9F770E136C0	0101000020E61000005B79C9FFE48F45C068AF3E1EFAE636C0	24302190/0001-60
38	Noiz Cerveja	Ze Legal	0106000020E61000000100000001030000000100000026000000B8CCE9B2980046C036936FB6B9F933C02315C616820046C02D095053CBF633C01327F73B140146C04C89247A19F533C00586AC6EF50046C040DEAB5626F433C04CA60A46250146C00803CFBD87F333C0C55565DF150146C00AA2EE0390F233C029965B5A0D0146C0F0BF95ECD8F033C005A3923A010146C03A5D16139BEF33C094DE37BEF60046C076E09C11A5ED33C05B5F24B4E50046C0F67AF7C77BED33C0B08F4E5DF90046C00551F70148ED33C0855FEAE74D0146C0E92B483316ED33C02FA86F99D30146C0145CACA8C1EC33C0CF143AAFB10346C07AFCDEA63FEB33C007B64AB0380446C0EB39E97DE3EB33C0C5FEB27BF20446C04F401361C3EB33C0A9DE1AD82A0546C0609335EA21EA33C0CA1AF5108D0646C090662C9ACEE633C08F8D40BCAE0746C0EACF7EA488E433C0F05014E8130946C0780B24287EE433C042959A3DD00A46C0C1ADBB79AAE333C0BA4E232D950B46C0957D5704FFE333C0EF7211DF890D46C04DDBBFB2D2E433C0573ECBF3E00E46C01B81785DBFE833C05ED72FD80D0F46C0DF89592F86EA33C0787AA52C431046C04E452A8C2DEC33C0D1967329AE0E46C09C6D6E4C4FF033C09964E42CEC0D46C09A5FCD0182F133C0FD82DDB06D0D46C06C21C84109F333C082AD122C0E0B46C004E78C28EDF533C0478FDFDBF40746C01B81785DBF0034C0C58F31772D0546C09274CDE49BFD33C0F819170E840446C022C32ADEC8FC33C0E353008C670446C0D908C4EBFAFD33C09D853DEDF00346C04AD235936FFE33C0E6797077D60246C084BBB376DBFD33C076A6D0798D0146C094FB1D8A02FD33C0B8CCE9B2980046C036936FB6B9F933C0	0101000020E61000006B9A779CA20746C0747B4963B4F233C0	25.039.008/0001-92
39	Ze Repoe	Leonardo Cruz	0106000020E610000001000000010300000001000000200000000551F701485147C05B5F24B4E58437C0F0F96184F05447C05F984C158C8A37C005FA449E245547C00ABFD4CF9B9237C097ADF545425347C065FCFB8C0B9737C0658D7A88465347C0DF89592F869A37C0A54E4013615347C082902C60029F37C00473F4F8BD5147C0B806B64AB0A037C0E97DE36BCF5047C00E4FAF9465A037C08065A549295047C046EBA86A82A037C00282397AFC4E47C0E5D53906649F37C0B54FC763064A47C00803CFBD879B37C00A68226C784A47C015C616821CA437C0F5F3A622154247C04FAF946588A337C0126BF129004247C02575029A08A337C07D3F355EBA4147C06D73637AC2A237C0F65D11FC6F4147C027A5A0DB4BA237C08542041C424147C0618E1EBFB7A137C04DDBBFB2D24047C0F0A2AF20CDA037C0287E8CB96B4147C057091687339F37C085CE6BEC124147C06E861BF0F99937C03F00A94D9C4047C05396218E759937C08638D6C56D4047C01B47ACC5A79837C08D62B9A5D54047C033F9669B1B9337C019FF3EE3C24147C0382D78D1579037C017BCE82B484347C0689604A8A98D37C0F0DC7BB8E44447C0166A4DF38E8B37C08F705AF0A24747C05721E527D58637C0249C16BCE84B47C08F705AF0A28737C07FF62345644C47C0E4BD6A65C28737C0FDA4DAA7E34D47C0AF5FB01BB68537C0087250C24C4F47C085EB51B81E8537C00551F701485147C05B5F24B4E58437C0	0101000020E610000045D4449F8F4A47C0D9CD8C7E349037C0	25.175.276/0001-31
40	Adega Sao Paulo	Rai da Silva	0106000020E61000000100000001030000000100000012000000D15790662C5247C033333333339337C02B4D4A41B75347C09357E718909537C09D465A2A6F5347C02CF180B2299737C07767EDB60B5547C0C6850321599837C003B2D7BB3F5647C029D027F2249937C0ADA3AA09A25647C016FBCBEEC99B37C054C6BFCFB85447C075C8CD70039E37C02F51BD35B05547C0B5FD2B2B4DA237C07E350708E65047C0CB10C7BAB8A537C06DA818E76F4E47C05B94D92093A437C02D095053CB4E47C0C364AA6054A237C07008556AF64C47C029B3412619A137C0CD069964E44C47C0ABE7A4F78D9F37C0E4BD6A65C24B47C09FCDAACFD59E37C0C63368E89F4C47C099D87C5C1B9A37C07380608E1E4B47C08CD651D5049937C03E5C72DC294D47C0C55565DF159137C0D15790662C5247C033333333339337C0	0101000020E6100000E1270EA0DF4F47C0FE9C82FC6C9C37C0	26.091.851/0001-80
41	Bar do Ze	Ronaldinho gaucho	0106000020E61000000100000001030000000100000010000000CD58349D9D1846C06553AEF02EFF33C02A91442FA31446C0B9A5D590B8FF33C001DE02098A1346C06D904946CEFA33C0B3B5BE48681346C0E275FD82DDF833C0B3B5BE48681346C0BA66F2CD36F733C08FFCC1C0731346C06614CB2DADF633C0E21E4B1FBA1046C050C763062AF333C0A089B0E1E91146C0E223624A24F133C0F4893C49BA1246C0CA32C4B12EEE33C0F06DFAB31F1546C00586AC6EF5EC33C0D7868A71FE1646C06C09F9A067EB33C002B7EEE6A91A46C05B99F04BFDEC33C0D3A414747B2146C07BF7C77BD5F233C0CDAFE600C12046C08D62B9A5D5F833C0C5AC1743391D46C040D9942BBCFB33C0CD58349D9D1846C06553AEF02EFF33C0	0101000020E610000014CC9882351846C0A0DD21C500F933C0	26.617.478/0001-59
42	Bar Legal	Messi Pele	0106000020E6100000010000000103000000010000002C000000A83AE466B8F945C08A8EE4F21FE233C076543541D4F945C07B14AE47E1E233C00B98C0ADBBF945C016F6B4C35FE333C0F6D1A92B9FF945C088855AD3BCE333C0E88711C2A3F945C087FE092E56E433C00B24287E8CF945C0E9B7AF03E7E433C0AF777FBC57F945C0CBBE2B82FFE533C08A027D224FFA45C00612143FC6EC33C0265305A392FA45C0BB61DBA2CCEE33C0DEAB5626FCFA45C0643BDF4F8DEF33C0A4C7EF6DFAFB45C034A2B437F8F233C0A9C1340C1FFD45C0D82AC1E270F633C078B988EFC4FC45C06FF59CF4BEF933C0BA4E232D95FB45C0BE13B35E0CFD33C050C763062AFF45C0CC457C2766FD33C087E123624A0046C0672C9ACE4EFE33C0CDE9B298D80046C0053411363CFD33C0C49448A2970146C08D62B9A5D5F833C0F33CB83B6B0346C0376C5B94D9F833C0556AF6402B0446C070B1A206D3F833C062105839B40446C054E3A59BC4F833C05A0D897B2C0546C0D61C2098A3F733C0A88C7F9F710546C0C8EA56CF49F733C099F04BFDBC0546C02DB29DEFA7F633C07C0A80F10C0646C011AAD4EC81F633C0E5ED08A7050746C05BB6D61709F533C05A0D897B2C0946C069A9BC1DE1F433C02EE23B31EB0946C0C780ECF5EEEF33C02DEC6987BF0646C05EF415A419EB33C0D6FF39CC970346C0FA6184F068EB33C061545227A00146C0314278B471EC33C037C30DF8FC0046C0A27A6B60ABEC33C0F1113125920046C0CE3637A627EC33C06B48DC63E9FF45C0A60F5D50DFEA33C02497FF907EFF45C0E2067C7E18E933C0C0E78711C2FF45C0BD00FBE8D4E533C0739D465A2AFF45C09817601F9DE233C034BF9A0304FF45C06FD39FFD48E133C0FC8C0B0742FE45C0E3AAB2EF8AE033C0613255302AFD45C0E3AAB2EF8AE033C0265305A392FA45C0FF21FDF675E033C09279E40F06FA45C02A91442FA3E033C0D28C45D3D9F945C0D313967840E133C0A83AE466B8F945C08A8EE4F21FE233C0	0101000020E61000007EC6850321FB45C09198A0866FED33C0	26.810.612/0001-33
43	Bar Nem Tanto	Pele Maradona	0106000020E6100000010000000103000000010000000A0000001EC4CE143AB348C0B64DF1B8A8BE34C05F43705CC6B948C02F14B01D8CCC34C0A8565F5D15B648C00725CCB4FDDB34C03E3F8C101EB148C0FE9C82FC6CE034C0705D3123BCA948C0AF7D01BD70DF34C0691EC022BFA648C0E73922DFA5DC34C048C5FF1D51AB48C064E597C118C934C042B0AA5E7EA748C096CB46E7FCC434C0369204E10AAA48C0B9C1508715BE34C01EC4CE143AB348C0B64DF1B8A8BE34C0	0101000020E610000078094E7D20B148C0520FD1E80ED234C0	27494912000113
44	Mercado Pinheiros	Joao Maradona	0106000020E6100000010000000103000000010000001300000025581CCEFC9A45C096B20C71ACF336C0E0DBF4673F9A45C0DB166536C8EC36C0FBCBEEC9C39645C0753C66A032EE36C074D2FBC6D79245C0D95F764F1EEE36C087DC0C37E09345C08811C2A38DE336C0CC6262F3719945C042CF66D5E7E236C0545227A0899C45C05DC47762D6E336C01DC9E53FA49F45C05E85949F54E336C014D044D8F0A045C050C24CDBBFE236C00A68226C78A245C0A4C2D84290E336C06F0D6C9560A545C07B319413EDE236C0982F2FC03EA645C094FB1D8A02E536C0200C3CF71EA645C077A1B94E23E536C076E09C11A5A545C0711B0DE02DE836C00EBE30992AA445C0431CEBE236EA36C0DAC9E02879A145C02D95B7239CEE36C02AA913D044A045C0EFC9C342ADF136C0C3D32B65199E45C0DF6C73637AF236C025581CCEFC9A45C096B20C71ACF336C0	0101000020E6100000CF31207BBD9F45C09775FF5888EA36C0	27865490000145
45	Adega Ambev	Pele da Silva	0106000020E61000000100000001030000000100000036000000B6A1629CBFF146C07940D9942B3C37C0CAA65CE15DF246C087E123624A3C37C00B630B410EF246C01F2E39EE943E37C05E807D74EAF246C0BB61DBA2CC3E37C010AFEB17ECF246C0639CBF09854037C08E1EBFB7E9F346C0E3A59BC4204037C038F3AB3940F446C080F10C1AFA3F37C06FD39FFD48F546C07380608E1E3F37C0AED85F764FF646C08369183E223E37C074D2FBC6D7F646C0DAE1AFC91A3D37C009E1D1C611F746C08655BC91793C37C0174850FC18F746C0B1169F02603C37C0B459F5B9DAF646C0D09B8A54183B37C0740CC85EEFF646C0DF32A7CB623A37C04A5E9D6340F646C07099D365313937C0026553AEF0F646C0EE42739D463237C09CC420B072F446C0D6C56D34802F37C08E3BA583F5F346C040D9942BBC2B37C0E36BCF2C09F446C0793BC269C12B37C0077C7E1821F446C0CF143AAFB12B37C0AA7D3A1E33F446C0DD41EC4CA12B37C0D5264EEE77F446C0166A4DF38E2B37C06284F068E3F446C07A36AB3E572B37C09274CDE49BF546C05EBA490C022B37C0D218ADA3AAF546C0B6F3FDD4782937C030D80DDB16F546C0C85EEFFE782737C07A36AB3E57F346C083DDB06D512637C0575BB1BFECF246C09FABADD85F2637C0D925AAB706F246C0E466B8019F2737C09ACE4E0647F146C0C6F99B50882837C029AE2AFBAEF046C060C8EA56CF2937C0C0EC9E3C2CF046C00C0742B2802937C04356B77A4EEE46C01BD82AC1E22837C0C269C18BBEE646C04AD235936F2637C02D95B7239CE646C0F7CC9200352537C09279E40F06E646C0B1A71DFE9A2437C08E75711B0DE446C0DFFDF15EB52237C0AE2AFBAE08E246C0A86F99D3652137C03D0AD7A370E146C0EBFF1CE6CB2337C01BBB44F5D6E446C02C2B4D4A412737C06891ED7C3FE546C039B4C876BE2737C0FFE7305F5EE446C0A1B94E232D2D37C0C520B07268E546C0AC730CC85E2F37C08E75711B0DE446C045F0BF95EC3037C0255D33F966E346C031CEDF84423437C016C1FF56B2E746C000E31934F43737C05B5F24B4E5EC46C02BDEC83CF23737C03602F1BA7EED46C07E52EDD3F13837C0AE0D15E3FCED46C0271422E0103A37C0B858518369F046C0B5A679C7293A37C02A8C2D0439F046C0401361C3D33B37C0DC68006F81F046C0CEAACFD5563C37C09A779CA223F146C007D3307C443C37C0B6A1629CBFF146C07940D9942B3C37C0	0101000020E6100000D00F238447ED46C0A7E67283A12E37C0	36211693850
46	Ze da Ambev	Daniboy	0106000020E6100000010000000103000000010000003C00000027A5A0DB4B5A47C019ADA3AA098237C0FC1D8A027D5A47C048E17A14AE7F37C0527E52EDD35947C0103B53E8BC7E37C0A453573ECB5747C068D0D03FC17D37C034A2B437F85647C01618B2BAD57B37C04A7B832F4C5647C0D0D556EC2F7B37C0BC9179E40F5647C0E04A766C047A37C0E8DEC325C75547C036C82423677937C067EDB60BCD5547C01D2098A3C77737C0AFEB17EC865547C09D853DEDF07737C01AFA27B8585547C0D717096D397737C0DBA7E331035547C01F2E39EE947637C0CD3B4ED1915447C0670FB402437637C0C095ECD8085447C0029F1F46087737C00DA661F8885047C0B4AB90F2937237C017BCE82B484F47C01C25AFCE317037C022718FA50F4D47C09626A5A0DB7337C0DBC4C9FD0E4947C0F9DA334B027437C038DBDC989E4847C08E06F016487037C0A6ED5F59694647C0AB21718FA56F37C00C022B87164547C03737A6272C7137C0B1C403CAA64447C01BBB44F5D67037C00EF3E505D84347C0ED815660C87237C0F6622827DA4147C06C09F9A0677337C0A9C1340C1F4147C095607138F37337C01E6D1CB1163F47C07B832F4CA67237C074982F2FC03E47C0AE47E17A147637C0DE8E705AF03E47C0E1404816307937C09A081B9E5E3D47C09AB1683A3B7937C0DAACFA5C6D3D47C0CEAACFD5567C37C0BE9F1A2FDD3C47C0452FA3586E8137C0938C9C853D3D47C019390B7BDA8137C05969520ABA3D47C02766BD18CA8137C0ACC5A700183F47C0FCFB8C0B078237C0B9C7D2872E4047C07B884677108337C0425BCEA5B83E47C0D74CBED9E68637C09D2E8B89CD3F47C0AAD4EC81568837C0B3EA73B5153F47C07E00529B388937C0AD4CF8A57E3E47C0C58F31772D8937C0D21DC4CE143E47C07C444C89248A37C043AD69DE713E47C096E7C1DD598B37C00FD6FF39CC3F47C0B493C151F28A37C01C42959A3D4047C05C72DC291D8C37C00EF8FC30424447C050DF32A7CB9237C0DF89592F864647C033FE7DC6859337C0D72FD80DDB4647C069E388B5F89437C0CCD1E3F7364947C0304CA60A469537C047205ED72F4C47C01F2E39EE949637C0622D3E05C04C47C0E8DEC325C79537C05BB6D617094D47C0164D6727839337C03BFC3559A34E47C0C993A46B268F37C064AF777FBC4F47C0F5BEF1B5678E37C062D68BA19C5047C033A7CB62628B37C02B1895D4095047C08DD13AAA9A8837C0DB85E63A8D5047C0BBD05CA7918637C075029A081B5247C0DBF97E6ABC8437C04278B471C45647C0EC17EC866D8337C08FDFDBF4675747C0DFA63FFB918237C070EB6E9EEA5847C01956F146E68137C027A5A0DB4B5A47C019ADA3AA098237C0	0101000020E6100000EF3CF19C2D4847C083177D05698237C0	54321515000112
47	Bar do Ze	Daniel Henrique	0106000020E61000000100000001030000000100000033000000A3409FC8935447C0B515FBCBEEA937C0DB334B02D45447C0A835CD3B4EA937C0DB5031CEDF5447C0A9F6E978CCA837C0A80018CFA05547C0BA2C26361FA737C09296CADB115647C0CD069964E4A437C018265305A35647C04E97C5C4E6A337C098512CB7B45647C0DE02098A1FA337C0029F1F46085747C0E0BE0E9C33A237C0EB8B84B69C5747C01AFA27B858A137C0791EDC9DB55747C09BAC510FD1A037C05C1B2AC6F95747C0FFCA4A9352A037C0A5BDC117265747C0679B1BD3139E37C05704FF5BC95647C0F7C77BD5CA9C37C07C9BFEEC475647C0999EB0C4039A37C00AF4893C495647C01B2FDD24069937C0522CB7B41A5647C03A92CB7F489737C0D252793BC25547C03D0AD7A3709537C0EE5A423EE85547C07AE40F069E9337C0D40E7F4DD65447C0C30DF8FC309237C0325A4755135447C0C6BFCFB8709037C0392861A6ED5347C0D6E253008C8F37C0747B4963B45247C077BE9F1A2F8D37C0516B9A779C5247C0CB67791EDC8D37C03C31EBC5505247C067B8019F1F8E37C0132C0E677E5147C0E6913F18788E37C0AA0EB9196E5047C09161156F648E37C095D40968225047C0BD8C62B9A58D37C039B4C876BE4F47C01F9DBAF2598E37C0E6E8F17B9B4E47C09E98F562288F37C084F57F0EF34D47C00CEA5BE6749137C01AFA27B8584D47C0C3F01131259237C068AED3484B4D47C042959A3DD09237C0FE60E0B9F74C47C02497FF907E9337C0C66D3480B74C47C0CD0182397A9437C0DBF97E6ABC4C47C0A18499B67F9537C0EAEC6470944C47C02E39EE940E9637C071AC8BDB684C47C0FEB7921D1B9937C0541D7233DC4C47C0C3D84290839A37C0F06DFAB31F4D47C0514EB4AB909A37C02176A6D0794D47C0A5F78DAF3D9B37C034A2B437F84E47C0F085C954C1A037C04D672783A35047C062156F641EA137C0E9263108AC5047C04DA1F31ABBA437C030478FDFDB5047C02F17F19D98A537C07D91D096735147C04CC3F01131A537C06F8104C58F5147C0689604A8A9A537C074EACA67795247C0BDFBE3BD6AA537C0AC8BDB68005347C065FCFB8C0BA737C05053CBD6FA5247C072BF4351A0A737C0C1A8A44E405347C002BC051214A737C0A3409FC8935447C0B515FBCBEEA937C0	0101000020E6100000EF3CF19C2D4847C083177D05698237C0	62638527000101
48	Bar Legal	Eduardo Pedroso	0106000020E6100000010000000103000000010000001C00000033333333335F47C03F6F2A52619437C0F91400E3196047C0936FB6B9319537C062BEBC00FB6047C021B07268919537C05E6397A8DE6247C03D9B559FAB9537C0374F75C8CD6447C068B3EA73B59537C0AE2AFBAE086647C0CC0BB08F4E9537C033164D67276747C0A3923A014D9437C08638D6C56D6847C0098A1F63EE9237C09A42E735766947C0E2E47E87A29037C091ED7C3F356A47C0AF08FEB7928D37C034D769A4A56A47C06E8B321B648A37C0B476DB85E66A47C056F146E6918737C0C2172653056B47C0CC28965B5A8537C06D567DAEB66A47C06F9EEA909B8137C0DF15C1FF566A47C0D769A4A5F27E37C06440F67AF76747C0C2A38D23D67A37C093A98251496547C0FD304278B47937C02D5BEB8B846247C0C47762D68B7937C01E8A027D225F47C0DF1AD82AC17A37C0548CF337A15C47C0747B4963B47E37C090882991445B47C0087250C24C8337C0C9C859D8D35A47C0F29881CAF88737C09DBAF2599E5B47C05B25581CCE8C37C0A2B437F8C25C47C0F085C954C19037C01A868F88295D47C0D2FBC6D79E9137C08BE07F2BD95D47C04278B471C49237C01F115322895E47C0957D5704FF9337C033333333335F47C03F6F2A52619437C0	0101000020E6100000BBECD79DEE6247C055A18158368737C0	73.068.991/0001-18
49	Adega Emporio	Eduardo Piroco	0106000020E610000001000000010300000001000000050000003A3B191C25F550C0D1E80E6267EA23C0BE874B8E3BF550C0809F71E140F823C0DCF4673F52F250C0448B6CE7FBF923C0C6DCB5847CF250C0BBB88D06F0E623C03A3B191C25F550C0D1E80E6267EA23C0	0101000020E6100000630B410E4AF450C06EA7AD11C1F023C0	82.666.231/0001-01
50	Adega do Joao	Pele Maradona	0106000020E610000001000000010300000001000000170000002ECA6C90490646C07F87A2409FE033C0AED85F764F0646C04D327216F6E433C0CBF8F719170646C049111956F1E633C09357E718900546C07FDE54A4C2E833C01C7C6132550446C0888043A852EB33C09FC893A46B0246C0C05B2041F1EB33C0BCAE5FB01B0246C0EA3E00A94DEC33C06F2F698CD60146C087FE092E56EC33C02FDD2406810146C086AC6EF59CEC33C08D9C853DED0046C069006F8104ED33C05DE15D2EE2FF45C04260E5D022EB33C01EE1B4E045FF45C01990BDDEFDE933C07A7077D66EFF45C046088F368EE833C0F3599E0777FF45C09031772D21E733C0AC39403047FF45C032C9C859D8E333C002D9EBDD1FFF45C0A9A44E4013E133C0AC39403047FF45C02B306475ABDF33C0320395F1EFFF45C021938C9C85DD33C03C889D29740246C01973D712F2D933C001FBE8D4950346C0986E1283C0DA33C01B9E5E29CB0446C0252367614FDB33C0A80018CFA00546C0956588635DDC33C02ECA6C90490646C07F87A2409FE033C0	0101000020E6100000B2F50CE1980146C04985B18520E333C0	960361.506-44
\.


--
-- Data for Name: spatial_ref_sys; Type: TABLE DATA; Schema: public; Owner: postgres
--

COPY public.spatial_ref_sys (srid, auth_name, auth_srid, srtext, proj4text) FROM stdin;
\.


--
-- Data for Name: geocode_settings; Type: TABLE DATA; Schema: tiger; Owner: postgres
--

COPY tiger.geocode_settings (name, setting, unit, category, short_desc) FROM stdin;
\.


--
-- Data for Name: pagc_gaz; Type: TABLE DATA; Schema: tiger; Owner: postgres
--

COPY tiger.pagc_gaz (id, seq, word, stdword, token, is_custom) FROM stdin;
\.


--
-- Data for Name: pagc_lex; Type: TABLE DATA; Schema: tiger; Owner: postgres
--

COPY tiger.pagc_lex (id, seq, word, stdword, token, is_custom) FROM stdin;
\.


--
-- Data for Name: pagc_rules; Type: TABLE DATA; Schema: tiger; Owner: postgres
--

COPY tiger.pagc_rules (id, rule, is_custom) FROM stdin;
\.


--
-- Data for Name: topology; Type: TABLE DATA; Schema: topology; Owner: postgres
--

COPY topology.topology (id, name, srid, "precision", hasz) FROM stdin;
\.


--
-- Data for Name: layer; Type: TABLE DATA; Schema: topology; Owner: postgres
--

COPY topology.layer (topology_id, layer_id, schema_name, table_name, feature_column, feature_type, level, child_id) FROM stdin;
\.


--
-- Name: auth_group_id_seq; Type: SEQUENCE SET; Schema: public; Owner: postgres
--

SELECT pg_catalog.setval('public.auth_group_id_seq', 1, false);


--
-- Name: auth_group_permissions_id_seq; Type: SEQUENCE SET; Schema: public; Owner: postgres
--

SELECT pg_catalog.setval('public.auth_group_permissions_id_seq', 1, false);


--
-- Name: auth_permission_id_seq; Type: SEQUENCE SET; Schema: public; Owner: postgres
--

SELECT pg_catalog.setval('public.auth_permission_id_seq', 28, true);


--
-- Name: auth_user_groups_id_seq; Type: SEQUENCE SET; Schema: public; Owner: postgres
--

SELECT pg_catalog.setval('public.auth_user_groups_id_seq', 1, false);


--
-- Name: auth_user_id_seq; Type: SEQUENCE SET; Schema: public; Owner: postgres
--

SELECT pg_catalog.setval('public.auth_user_id_seq', 1, false);


--
-- Name: auth_user_user_permissions_id_seq; Type: SEQUENCE SET; Schema: public; Owner: postgres
--

SELECT pg_catalog.setval('public.auth_user_user_permissions_id_seq', 1, false);


--
-- Name: django_admin_log_id_seq; Type: SEQUENCE SET; Schema: public; Owner: postgres
--

SELECT pg_catalog.setval('public.django_admin_log_id_seq', 1, false);


--
-- Name: django_content_type_id_seq; Type: SEQUENCE SET; Schema: public; Owner: postgres
--

SELECT pg_catalog.setval('public.django_content_type_id_seq', 7, true);


--
-- Name: django_migrations_id_seq; Type: SEQUENCE SET; Schema: public; Owner: postgres
--

SELECT pg_catalog.setval('public.django_migrations_id_seq', 21, true);


--
-- Name: partner_partner_id_seq; Type: SEQUENCE SET; Schema: public; Owner: postgres
--

SELECT pg_catalog.setval('public.partner_partner_id_seq', 50, true);


--
-- Name: auth_group auth_group_name_key; Type: CONSTRAINT; Schema: public; Owner: postgres
--

ALTER TABLE ONLY public.auth_group
    ADD CONSTRAINT auth_group_name_key UNIQUE (name);


--
-- Name: auth_group_permissions auth_group_permissions_group_id_permission_id_0cd325b0_uniq; Type: CONSTRAINT; Schema: public; Owner: postgres
--

ALTER TABLE ONLY public.auth_group_permissions
    ADD CONSTRAINT auth_group_permissions_group_id_permission_id_0cd325b0_uniq UNIQUE (group_id, permission_id);


--
-- Name: auth_group_permissions auth_group_permissions_pkey; Type: CONSTRAINT; Schema: public; Owner: postgres
--

ALTER TABLE ONLY public.auth_group_permissions
    ADD CONSTRAINT auth_group_permissions_pkey PRIMARY KEY (id);


--
-- Name: auth_group auth_group_pkey; Type: CONSTRAINT; Schema: public; Owner: postgres
--

ALTER TABLE ONLY public.auth_group
    ADD CONSTRAINT auth_group_pkey PRIMARY KEY (id);


--
-- Name: auth_permission auth_permission_content_type_id_codename_01ab375a_uniq; Type: CONSTRAINT; Schema: public; Owner: postgres
--

ALTER TABLE ONLY public.auth_permission
    ADD CONSTRAINT auth_permission_content_type_id_codename_01ab375a_uniq UNIQUE (content_type_id, codename);


--
-- Name: auth_permission auth_permission_pkey; Type: CONSTRAINT; Schema: public; Owner: postgres
--

ALTER TABLE ONLY public.auth_permission
    ADD CONSTRAINT auth_permission_pkey PRIMARY KEY (id);


--
-- Name: auth_user_groups auth_user_groups_pkey; Type: CONSTRAINT; Schema: public; Owner: postgres
--

ALTER TABLE ONLY public.auth_user_groups
    ADD CONSTRAINT auth_user_groups_pkey PRIMARY KEY (id);


--
-- Name: auth_user_groups auth_user_groups_user_id_group_id_94350c0c_uniq; Type: CONSTRAINT; Schema: public; Owner: postgres
--

ALTER TABLE ONLY public.auth_user_groups
    ADD CONSTRAINT auth_user_groups_user_id_group_id_94350c0c_uniq UNIQUE (user_id, group_id);


--
-- Name: auth_user auth_user_pkey; Type: CONSTRAINT; Schema: public; Owner: postgres
--

ALTER TABLE ONLY public.auth_user
    ADD CONSTRAINT auth_user_pkey PRIMARY KEY (id);


--
-- Name: auth_user_user_permissions auth_user_user_permissions_pkey; Type: CONSTRAINT; Schema: public; Owner: postgres
--

ALTER TABLE ONLY public.auth_user_user_permissions
    ADD CONSTRAINT auth_user_user_permissions_pkey PRIMARY KEY (id);


--
-- Name: auth_user_user_permissions auth_user_user_permissions_user_id_permission_id_14a6b632_uniq; Type: CONSTRAINT; Schema: public; Owner: postgres
--

ALTER TABLE ONLY public.auth_user_user_permissions
    ADD CONSTRAINT auth_user_user_permissions_user_id_permission_id_14a6b632_uniq UNIQUE (user_id, permission_id);


--
-- Name: auth_user auth_user_username_key; Type: CONSTRAINT; Schema: public; Owner: postgres
--

ALTER TABLE ONLY public.auth_user
    ADD CONSTRAINT auth_user_username_key UNIQUE (username);


--
-- Name: django_admin_log django_admin_log_pkey; Type: CONSTRAINT; Schema: public; Owner: postgres
--

ALTER TABLE ONLY public.django_admin_log
    ADD CONSTRAINT django_admin_log_pkey PRIMARY KEY (id);


--
-- Name: django_content_type django_content_type_app_label_model_76bd3d3b_uniq; Type: CONSTRAINT; Schema: public; Owner: postgres
--

ALTER TABLE ONLY public.django_content_type
    ADD CONSTRAINT django_content_type_app_label_model_76bd3d3b_uniq UNIQUE (app_label, model);


--
-- Name: django_content_type django_content_type_pkey; Type: CONSTRAINT; Schema: public; Owner: postgres
--

ALTER TABLE ONLY public.django_content_type
    ADD CONSTRAINT django_content_type_pkey PRIMARY KEY (id);


--
-- Name: django_migrations django_migrations_pkey; Type: CONSTRAINT; Schema: public; Owner: postgres
--

ALTER TABLE ONLY public.django_migrations
    ADD CONSTRAINT django_migrations_pkey PRIMARY KEY (id);


--
-- Name: django_session django_session_pkey; Type: CONSTRAINT; Schema: public; Owner: postgres
--

ALTER TABLE ONLY public.django_session
    ADD CONSTRAINT django_session_pkey PRIMARY KEY (session_key);


--
-- Name: partner_partner partner_partner_document_key; Type: CONSTRAINT; Schema: public; Owner: postgres
--

ALTER TABLE ONLY public.partner_partner
    ADD CONSTRAINT partner_partner_document_key UNIQUE (document);


--
-- Name: partner_partner partner_partner_pkey; Type: CONSTRAINT; Schema: public; Owner: postgres
--

ALTER TABLE ONLY public.partner_partner
    ADD CONSTRAINT partner_partner_pkey PRIMARY KEY (id);


--
-- Name: auth_group_name_a6ea08ec_like; Type: INDEX; Schema: public; Owner: postgres
--

CREATE INDEX auth_group_name_a6ea08ec_like ON public.auth_group USING btree (name varchar_pattern_ops);


--
-- Name: auth_group_permissions_group_id_b120cbf9; Type: INDEX; Schema: public; Owner: postgres
--

CREATE INDEX auth_group_permissions_group_id_b120cbf9 ON public.auth_group_permissions USING btree (group_id);


--
-- Name: auth_group_permissions_permission_id_84c5c92e; Type: INDEX; Schema: public; Owner: postgres
--

CREATE INDEX auth_group_permissions_permission_id_84c5c92e ON public.auth_group_permissions USING btree (permission_id);


--
-- Name: auth_permission_content_type_id_2f476e4b; Type: INDEX; Schema: public; Owner: postgres
--

CREATE INDEX auth_permission_content_type_id_2f476e4b ON public.auth_permission USING btree (content_type_id);


--
-- Name: auth_user_groups_group_id_97559544; Type: INDEX; Schema: public; Owner: postgres
--

CREATE INDEX auth_user_groups_group_id_97559544 ON public.auth_user_groups USING btree (group_id);


--
-- Name: auth_user_groups_user_id_6a12ed8b; Type: INDEX; Schema: public; Owner: postgres
--

CREATE INDEX auth_user_groups_user_id_6a12ed8b ON public.auth_user_groups USING btree (user_id);


--
-- Name: auth_user_user_permissions_permission_id_1fbb5f2c; Type: INDEX; Schema: public; Owner: postgres
--

CREATE INDEX auth_user_user_permissions_permission_id_1fbb5f2c ON public.auth_user_user_permissions USING btree (permission_id);


--
-- Name: auth_user_user_permissions_user_id_a95ead1b; Type: INDEX; Schema: public; Owner: postgres
--

CREATE INDEX auth_user_user_permissions_user_id_a95ead1b ON public.auth_user_user_permissions USING btree (user_id);


--
-- Name: auth_user_username_6821ab7c_like; Type: INDEX; Schema: public; Owner: postgres
--

CREATE INDEX auth_user_username_6821ab7c_like ON public.auth_user USING btree (username varchar_pattern_ops);


--
-- Name: django_admin_log_content_type_id_c4bce8eb; Type: INDEX; Schema: public; Owner: postgres
--

CREATE INDEX django_admin_log_content_type_id_c4bce8eb ON public.django_admin_log USING btree (content_type_id);


--
-- Name: django_admin_log_user_id_c564eba6; Type: INDEX; Schema: public; Owner: postgres
--

CREATE INDEX django_admin_log_user_id_c564eba6 ON public.django_admin_log USING btree (user_id);


--
-- Name: django_session_expire_date_a5c62663; Type: INDEX; Schema: public; Owner: postgres
--

CREATE INDEX django_session_expire_date_a5c62663 ON public.django_session USING btree (expire_date);


--
-- Name: django_session_session_key_c0390e0f_like; Type: INDEX; Schema: public; Owner: postgres
--

CREATE INDEX django_session_session_key_c0390e0f_like ON public.django_session USING btree (session_key varchar_pattern_ops);


--
-- Name: partner_partner_address_id; Type: INDEX; Schema: public; Owner: postgres
--

CREATE INDEX partner_partner_address_id ON public.partner_partner USING gist (address);


--
-- Name: partner_partner_coverage_area_id; Type: INDEX; Schema: public; Owner: postgres
--

CREATE INDEX partner_partner_coverage_area_id ON public.partner_partner USING gist ("coverageArea");


--
-- Name: partner_partner_document_caa59b5c_like; Type: INDEX; Schema: public; Owner: postgres
--

CREATE INDEX partner_partner_document_caa59b5c_like ON public.partner_partner USING btree (document varchar_pattern_ops);


--
-- Name: auth_group_permissions auth_group_permissio_permission_id_84c5c92e_fk_auth_perm; Type: FK CONSTRAINT; Schema: public; Owner: postgres
--

ALTER TABLE ONLY public.auth_group_permissions
    ADD CONSTRAINT auth_group_permissio_permission_id_84c5c92e_fk_auth_perm FOREIGN KEY (permission_id) REFERENCES public.auth_permission(id) DEFERRABLE INITIALLY DEFERRED;


--
-- Name: auth_group_permissions auth_group_permissions_group_id_b120cbf9_fk_auth_group_id; Type: FK CONSTRAINT; Schema: public; Owner: postgres
--

ALTER TABLE ONLY public.auth_group_permissions
    ADD CONSTRAINT auth_group_permissions_group_id_b120cbf9_fk_auth_group_id FOREIGN KEY (group_id) REFERENCES public.auth_group(id) DEFERRABLE INITIALLY DEFERRED;


--
-- Name: auth_permission auth_permission_content_type_id_2f476e4b_fk_django_co; Type: FK CONSTRAINT; Schema: public; Owner: postgres
--

ALTER TABLE ONLY public.auth_permission
    ADD CONSTRAINT auth_permission_content_type_id_2f476e4b_fk_django_co FOREIGN KEY (content_type_id) REFERENCES public.django_content_type(id) DEFERRABLE INITIALLY DEFERRED;


--
-- Name: auth_user_groups auth_user_groups_group_id_97559544_fk_auth_group_id; Type: FK CONSTRAINT; Schema: public; Owner: postgres
--

ALTER TABLE ONLY public.auth_user_groups
    ADD CONSTRAINT auth_user_groups_group_id_97559544_fk_auth_group_id FOREIGN KEY (group_id) REFERENCES public.auth_group(id) DEFERRABLE INITIALLY DEFERRED;


--
-- Name: auth_user_groups auth_user_groups_user_id_6a12ed8b_fk_auth_user_id; Type: FK CONSTRAINT; Schema: public; Owner: postgres
--

ALTER TABLE ONLY public.auth_user_groups
    ADD CONSTRAINT auth_user_groups_user_id_6a12ed8b_fk_auth_user_id FOREIGN KEY (user_id) REFERENCES public.auth_user(id) DEFERRABLE INITIALLY DEFERRED;


--
-- Name: auth_user_user_permissions auth_user_user_permi_permission_id_1fbb5f2c_fk_auth_perm; Type: FK CONSTRAINT; Schema: public; Owner: postgres
--

ALTER TABLE ONLY public.auth_user_user_permissions
    ADD CONSTRAINT auth_user_user_permi_permission_id_1fbb5f2c_fk_auth_perm FOREIGN KEY (permission_id) REFERENCES public.auth_permission(id) DEFERRABLE INITIALLY DEFERRED;


--
-- Name: auth_user_user_permissions auth_user_user_permissions_user_id_a95ead1b_fk_auth_user_id; Type: FK CONSTRAINT; Schema: public; Owner: postgres
--

ALTER TABLE ONLY public.auth_user_user_permissions
    ADD CONSTRAINT auth_user_user_permissions_user_id_a95ead1b_fk_auth_user_id FOREIGN KEY (user_id) REFERENCES public.auth_user(id) DEFERRABLE INITIALLY DEFERRED;


--
-- Name: django_admin_log django_admin_log_content_type_id_c4bce8eb_fk_django_co; Type: FK CONSTRAINT; Schema: public; Owner: postgres
--

ALTER TABLE ONLY public.django_admin_log
    ADD CONSTRAINT django_admin_log_content_type_id_c4bce8eb_fk_django_co FOREIGN KEY (content_type_id) REFERENCES public.django_content_type(id) DEFERRABLE INITIALLY DEFERRED;


--
-- Name: django_admin_log django_admin_log_user_id_c564eba6_fk_auth_user_id; Type: FK CONSTRAINT; Schema: public; Owner: postgres
--

ALTER TABLE ONLY public.django_admin_log
    ADD CONSTRAINT django_admin_log_user_id_c564eba6_fk_auth_user_id FOREIGN KEY (user_id) REFERENCES public.auth_user(id) DEFERRABLE INITIALLY DEFERRED;


--
-- PostgreSQL database dump complete
--

